timestamp,field1,field2,field3
1698859257.1701274,"layout: 
  dim: []
  data_offset: 0
data: [0.004688672969953622, 0.02896301686255831, -0.045, -3.0]"
1698859257.1793983,"layout: 
  dim: []
  data_offset: 0
data: [0.004688672969953622, 0.02896301686255831, -0.045, -3.0]"
1698859257.1959646,"layout: 
  dim: []
  data_offset: 0
data: [0.004688672969953622, 0.02896301686255831, -0.045, -3.0]"
1698859257.2067554,"layout: 
  dim: []
  data_offset: 0
data: [0.004688672969953622, 0.02896301686255831, -0.045, -3.0]"
1698859257.2705054,"layout: 
  dim: []
  data_offset: 0
data: [0.004688672969953622, 0.02896301686255831, -0.045, -3.0]"
1698859257.3018024,"layout: 
  dim: []
  data_offset: 0
data: [0.004688672969953622, 0.02896301686255831, -0.045, -3.0]"
1698859257.3433592,"layout: 
  dim: []
  data_offset: 0
data: [0.004688672969953622, 0.02896301686255831, -0.045, -3.0]"
1698859257.3942637,"layout: 
  dim: []
  data_offset: 0
data: [0.004688672969953622, 0.02896301686255831, -0.045, -3.0]"
1698859257.4496236,"layout: 
  dim: []
  data_offset: 0
data: [0.004688672969953622, 0.02896301686255831, -0.045, -3.0]"
1698859257.4860694,"layout: 
  dim: []
  data_offset: 0
data: [0.004688672969953622, 0.02896301686255831, -0.045, -3.0]"
1698859257.5371113,"layout: 
  dim: []
  data_offset: 0
data: [0.004688672969953622, 0.02896301686255831, -0.045, -3.0]"
1698859257.582064,"layout: 
  dim: []
  data_offset: 0
data: [0.004688672969953622, 0.02896301686255831, -0.045, -3.0]"
1698859257.6332638,"layout: 
  dim: []
  data_offset: 0
data: [0.004688672969953622, 0.02896301686255831, -0.045, -3.0]"
1698859257.6771421,"layout: 
  dim: []
  data_offset: 0
data: [0.004688672969953622, 0.02896301686255831, -0.045, -3.0]"
1698859257.73842,"layout: 
  dim: []
  data_offset: 0
data: [0.004688672969953622, 0.02896301686255831, -0.045, -3.0]"
1698859257.7832685,"layout: 
  dim: []
  data_offset: 0
data: [0.004688672969953622, 0.02896301686255831, -0.045, -3.0]"
1698859257.8338244,"layout: 
  dim: []
  data_offset: 0
data: [0.004688672969953622, 0.02896301686255831, -0.045, -3.0]"
1698859257.8773372,"layout: 
  dim: []
  data_offset: 0
data: [0.004688672969953622, 0.02896301686255831, -0.045, -3.0]"
1698859257.931856,"layout: 
  dim: []
  data_offset: 0
data: [0.004688672969953622, 0.02896301686255831, -0.045, -3.0]"
1698859257.962308,"layout: 
  dim: []
  data_offset: 0
data: [0.004688672969953622, 0.02896301686255831, -0.045, -3.0]"
1698859258.0149367,"layout: 
  dim: []
  data_offset: 0
data: [0.004688672969953622, 0.02896301686255831, -0.045, -3.0]"
1698859258.0702288,"layout: 
  dim: []
  data_offset: 0
data: [0.004688672969953622, 0.02896301686255831, -0.045, -3.0]"
1698859258.1119087,"layout: 
  dim: []
  data_offset: 0
data: [0.004688672969953622, 0.02896301686255831, -0.045, -3.0]"
1698859258.142831,"layout: 
  dim: []
  data_offset: 0
data: [0.004688672969953622, 0.02896301686255831, -0.045, -3.0]"
1698859258.191409,"layout: 
  dim: []
  data_offset: 0
data: [0.004688672969953622, 0.02896301686255831, -0.045, -3.0]"
1698859258.2417083,"layout: 
  dim: []
  data_offset: 0
data: [0.004688672969953622, 0.02896301686255831, -0.045, -3.0]"
1698859258.2826452,"layout: 
  dim: []
  data_offset: 0
data: [0.004688672969953622, 0.02896301686255831, -0.045, -3.0]"
1698859258.3306618,"layout: 
  dim: []
  data_offset: 0
data: [0.004688672969953622, 0.02896301686255831, -0.045, -3.0]"
1698859258.3905501,"layout: 
  dim: []
  data_offset: 0
data: [0.004688672969953622, 0.02896301686255831, -0.045, -3.0]"
1698859258.4222467,"layout: 
  dim: []
  data_offset: 0
data: [0.004688672969953622, 0.02896301686255831, -0.045, -3.0]"
1698859258.4727511,"layout: 
  dim: []
  data_offset: 0
data: [0.004688672969953622, 0.02896301686255831, -0.045, -3.0]"
1698859258.5221221,"layout: 
  dim: []
  data_offset: 0
data: [0.004688672969953622, 0.02896301686255831, -0.045, -3.0]"
1698859258.5756164,"layout: 
  dim: []
  data_offset: 0
data: [0.004688672969953622, 0.02896301686255831, -0.045, -3.0]"
1698859258.6140184,"layout: 
  dim: []
  data_offset: 0
data: [0.004688672969953622, 0.02896301686255831, -0.045, -3.0]"
1698859258.6670706,"layout: 
  dim: []
  data_offset: 0
data: [0.004688672969953622, 0.02896301686255831, -0.045, -3.0]"
1698859258.7136953,"layout: 
  dim: []
  data_offset: 0
data: [0.004688672969953622, 0.02896301686255831, -0.045, -3.0]"
1698859258.7507071,"layout: 
  dim: []
  data_offset: 0
data: [0.004688672969953622, 0.02896301686255831, -0.045, -3.0]"
1698859258.8007166,"layout: 
  dim: []
  data_offset: 0
data: [0.004688672969953622, 0.02896301686255831, -0.045, -3.0]"
1698859258.851358,"layout: 
  dim: []
  data_offset: 0
data: [0.004688672969953622, 0.02896301686255831, -0.045, -3.0]"
1698859258.892615,"layout: 
  dim: []
  data_offset: 0
data: [0.004688672969953622, 0.02896301686255831, -0.045, -3.0]"
1698859258.941313,"layout: 
  dim: []
  data_offset: 0
data: [0.004688672969953622, 0.02896301686255831, -0.045, -3.0]"
1698859258.9902048,"layout: 
  dim: []
  data_offset: 0
data: [0.004688672969953622, 0.02896301686255831, -0.045, -3.0]"
1698859259.0324404,"layout: 
  dim: []
  data_offset: 0
data: [0.004688672969953622, 0.02896301686255831, -0.045, -3.0]"
1698859259.0793316,"layout: 
  dim: []
  data_offset: 0
data: [0.004688672969953622, 0.02896301686255831, -0.045, -3.0]"
1698859259.128771,"layout: 
  dim: []
  data_offset: 0
data: [0.004688672969953622, 0.02896301686255831, -0.045, -3.0]"
1698859259.174774,"layout: 
  dim: []
  data_offset: 0
data: [0.004688672969953622, 0.02896301686255831, -0.045, -3.0]"
1698859259.2218435,"layout: 
  dim: []
  data_offset: 0
data: [0.004688672969953622, 0.02896301686255831, -0.045, -3.0]"
1698859259.2790372,"layout: 
  dim: []
  data_offset: 0
data: [0.004688672969953622, 0.02896301686255831, -0.045, -3.0]"
1698859259.3223455,"layout: 
  dim: []
  data_offset: 0
data: [0.004688672969953622, 0.02896301686255831, -0.045, -3.0]"
1698859259.3667934,"layout: 
  dim: []
  data_offset: 0
data: [0.004688672969953622, 0.02896301686255831, -0.045, -3.0]"
1698859259.4108498,"layout: 
  dim: []
  data_offset: 0
data: [0.004688672969953622, 0.02896301686255831, -0.045, -3.0]"
1698859259.462629,"layout: 
  dim: []
  data_offset: 0
data: [0.004688672969953622, 0.02896301686255831, -0.045, -3.0]"
1698859259.5070808,"layout: 
  dim: []
  data_offset: 0
data: [0.004688672969953622, 0.02896301686255831, -0.045, -3.0]"
1698859259.5543134,"layout: 
  dim: []
  data_offset: 0
data: [0.004688672969953622, 0.02896301686255831, -0.045, -3.0]"
1698859259.6043296,"layout: 
  dim: []
  data_offset: 0
data: [0.004688672969953622, 0.02896301686255831, -0.045, -3.0]"
1698859259.6437504,"layout: 
  dim: []
  data_offset: 0
data: [0.004688672969953622, 0.02896301686255831, -0.045, -3.0]"
1698859259.6949387,"layout: 
  dim: []
  data_offset: 0
data: [0.004688672969953622, 0.02896301686255831, -0.045, -3.0]"
1698859259.7416608,"layout: 
  dim: []
  data_offset: 0
data: [0.004688672969953622, 0.02896301686255831, -0.045, -3.0]"
1698859259.7829113,"layout: 
  dim: []
  data_offset: 0
data: [0.004688672969953622, 0.02896301686255831, -0.045, -3.0]"
1698859259.8312929,"layout: 
  dim: []
  data_offset: 0
data: [0.004688672969953622, 0.02896301686255831, -0.045, -3.0]"
1698859259.8820844,"layout: 
  dim: []
  data_offset: 0
data: [0.004688672969953622, 0.02896301686255831, -0.045, -3.0]"
1698859259.9236066,"layout: 
  dim: []
  data_offset: 0
data: [0.004688672969953622, 0.02896301686255831, -0.045, -3.0]"
1698859259.972478,"layout: 
  dim: []
  data_offset: 0
data: [0.004688672969953622, 0.02896301686255831, -0.045, -3.0]"
1698859260.0465984,"layout: 
  dim: []
  data_offset: 0
data: [0.004688672969953622, 0.02896301686255831, -0.045, -3.0]"
1698859260.0712671,"layout: 
  dim: []
  data_offset: 0
data: [0.004688672969953622, 0.02896301686255831, -0.045, -3.0]"
1698859260.1173182,"layout: 
  dim: []
  data_offset: 0
data: [0.005543905830870943, 0.02844477294932135, -0.045, -3.0]"
1698859260.1607058,"layout: 
  dim: []
  data_offset: 0
data: [0.0069173826050251686, 0.028781761897001656, -0.044, -3.0]"
1698859260.2118046,"layout: 
  dim: []
  data_offset: 0
data: [0.0077726154659424895, 0.028263517983764697, -0.044, -3.0]"
1698859260.2528503,"layout: 
  dim: []
  data_offset: 0
data: [0.00829085937917945, 0.029118750844682184, -0.044, -3.0]"
1698859260.3153758,"layout: 
  dim: []
  data_offset: 0
data: [0.010001325101014147, 0.028082263018208264, -0.043, -2.0]"
1698859260.3576164,"layout: 
  dim: []
  data_offset: 0
data: [0.01274827864932282, 0.028756240913569098, -0.042, -2.0]"
1698859260.3923702,"layout: 
  dim: []
  data_offset: 0
data: [0.014976988284394366, 0.028574985948012666, -0.042, -2.0]"
1698859260.4424205,"layout: 
  dim: []
  data_offset: 0
data: [0.018579174693620193, 0.02873071993013654, -0.041, -2.0]"
1698859260.4956512,"layout: 
  dim: []
  data_offset: 0
data: [0.023036593963763563, 0.028368209999023453, -0.041, -2.0]"
1698859260.5340385,"layout: 
  dim: []
  data_offset: 0
data: [0.02612053645975254, 0.027668711120230283, -0.039, -2.0]"
1698859260.5847726,"layout: 
  dim: []
  data_offset: 0
data: [0.023529316893567853, 0.02339254681564329, -0.039, -2.0]"
1698859260.6443586,"layout: 
  dim: []
  data_offset: 0
data: [0.035890607860956436, 0.02642544734476715, -0.039, -2.0]"
1698859260.6817174,"layout: 
  dim: []
  data_offset: 0
data: [0.042239747818490936, 0.02725515922225208, -0.038, -2.0]"
1698859260.722211,"layout: 
  dim: []
  data_offset: 0
data: [0.04669716708863414, 0.026892649291138992, -0.038, -2.0]"
1698859260.7654095,"layout: 
  dim: []
  data_offset: 0
data: [0.05063634244554044, 0.02567490649910864, -0.038, -2.0]"
1698859260.8138406,"layout: 
  dim: []
  data_offset: 0
data: [0.056467238489838034, 0.025649385515676082, -0.038, -2.0]"
1698859260.8599186,"layout: 
  dim: []
  data_offset: 0
data: [0.06092465775998124, 0.025286875584562996, -0.037, -2.0]"
1698859260.9064775,"layout: 
  dim: []
  data_offset: 0
data: [0.0676107866651961, 0.024743110687893477, -0.037, -2.0]"
1698859260.9597092,"layout: 
  dim: []
  data_offset: 0
data: [0.0756703923445653, 0.024536334738904486, -0.037, -2.0]"
1698859261.0021667,"layout: 
  dim: []
  data_offset: 0
data: [0.0845852308848517, 0.023811314876678535, -0.037, -2.0]"
1698859261.0572407,"layout: 
  dim: []
  data_offset: 0
data: [0.09350006942513828, 0.023086295014452363, -0.037, -2.0]"
1698859261.0953598,"layout: 
  dim: []
  data_offset: 0
data: [0.10464361760049645, 0.02218002018666998, -0.038, -2.0]"
1698859261.1413922,"layout: 
  dim: []
  data_offset: 0
data: [0.11716064255000891, 0.021610734306567903, -0.038, -2.0]"
1698859261.1953406,"layout: 
  dim: []
  data_offset: 0
data: [0.12607548109029543, 0.020885714444341952, -0.039, -2.0]"
1698859261.233902,"layout: 
  dim: []
  data_offset: 0
data: [0.13859250603980783, 0.020316428564239875, -0.039, -2.0]"
1698859261.2852306,"layout: 
  dim: []
  data_offset: 0
data: [0.14973605421516595, 0.01941015373645727, -0.039, -2.0]"
1698859261.3335779,"layout: 
  dim: []
  data_offset: 0
data: [0.15865089275545247, 0.01868513387423132, -0.039, -2.0]"
1698859261.3884099,"layout: 
  dim: []
  data_offset: 0
data: [0.16893920806989327, 0.018297102959685896, -0.04, -2.0]"
1698859261.43245,"layout: 
  dim: []
  data_offset: 0
data: [0.17785404661017978, 0.017572083097459723, -0.04, -2.0]"
1698859261.473611,"layout: 
  dim: []
  data_offset: 0
data: [0.18591365228954887, 0.017365307148470732, -0.04, -2.0]"
1698859261.52039,"layout: 
  dim: []
  data_offset: 0
data: [0.1912263044206095, 0.016484553304120686, -0.04, -2.0]"
1698859261.570994,"layout: 
  dim: []
  data_offset: 0
data: [0.19928591009997876, 0.016277777355131695, -0.04, -2.0]"
1698859261.623738,"layout: 
  dim: []
  data_offset: 0
data: [0.20597203900519356, 0.015734012458462177, -0.04, -2.0]"
1698859261.6582325,"layout: 
  dim: []
  data_offset: 0
data: [0.21042945827533688, 0.01537150252734909, -0.039, -2.0]"
1698859261.7056472,"layout: 
  dim: []
  data_offset: 0
data: [0.21763383109378864, 0.01568297049159706, -0.039, -2.0]"
1698859261.7541952,"layout: 
  dim: []
  data_offset: 0
data: [0.22346472713808618, 0.0156574495081645, -0.039, -2.0]"
1698859261.7996845,"layout: 
  dim: []
  data_offset: 0
data: [0.2301508560433011, 0.01511368461149476, -0.038, -2.0]"
1698859261.8964663,"layout: 
  dim: []
  data_offset: 0
data: [0.21740153416136698, 0.0017924687679302664, -0.038, -2.0]"
1698859261.941353,"layout: 
  dim: []
  data_offset: 0
data: [0.22872633730228165, 0.0031149035752193743, -0.038, -2.0]"
1698859261.9950597,"layout: 
  dim: []
  data_offset: 0
data: [0.23129203588503366, 0.0015601718355087169, -0.037, -2.0]"
1698859262.0330744,"layout: 
  dim: []
  data_offset: 0
data: [0.24914723394903932, 0.005941028155354244, -0.036, -2.0]"
1698859262.0843651,"layout: 
  dim: []
  data_offset: 0
data: [0.25583336285425423, 0.005397263258684726, -0.036, -2.0]"
1698859262.1370986,"layout: 
  dim: []
  data_offset: 0
data: [0.2532421432880696, 0.0011210989540979543, -0.036, -2.0]"
1698859262.1786804,"layout: 
  dim: []
  data_offset: 0
data: [0.2580365515058933, -0.0006148877511693573, -0.036, -2.0]"
1698859262.220105,"layout: 
  dim: []
  data_offset: 0
data: [0.26575916823758194, 0.0005518130739958771, -0.036, -2.0]"
1698859262.2726054,"layout: 
  dim: []
  data_offset: 0
data: [0.2683248668203341, -0.0010029186657150024, -0.036, -2.0]"
1698859262.3205533,"layout: 
  dim: []
  data_offset: 0
data: [0.27226404217724043, -0.0022206614577453543, -0.036, -2.0]"
1698859262.3607218,"layout: 
  dim: []
  data_offset: 0
data: [0.2767214614473837, -0.0025831713888584407, -0.036, -2.0]"
1698859262.4099078,"layout: 
  dim: []
  data_offset: 0
data: [0.28203411357844427, -0.003463925233208265, -0.037, -2.0]"
1698859262.4533849,"layout: 
  dim: []
  data_offset: 0
data: [0.28872024248365924, -0.004007690129877783, -0.037, -2.0]"
1698859262.506832,"layout: 
  dim: []
  data_offset: 0
data: [0.29592461530211095, -0.0036962221656298144, -0.037, -2.0]"
1698859262.5528326,"layout: 
  dim: []
  data_offset: 0
data: [0.30346597706824313, -0.004758230975536293, -0.037, -2.0]"
1698859262.6003933,"layout: 
  dim: []
  data_offset: 0
data: [0.31015210597345805, -0.005301995872205811, -0.037, -2.0]"
1698859262.6491885,"layout: 
  dim: []
  data_offset: 0
data: [0.31821171165282713, -0.005508771821195024, -0.037, -2.0]"
1698859262.6902015,"layout: 
  dim: []
  data_offset: 0
data: [0.32712655019311365, -0.006233791683420975, -0.037, -2.0]"
1698859262.7534525,"layout: 
  dim: []
  data_offset: 0
data: [0.33381267909832857, -0.0067775565800904936, -0.036, -2.0]"
1698859262.7850904,"layout: 
  dim: []
  data_offset: 0
data: [0.3427275176386151, -0.007502576442316444, -0.036, -2.0]"
1698859262.8312685,"layout: 
  dim: []
  data_offset: 0
data: [0.3521606000921385, -0.0073723634436251295, -0.035, -2.0]"
1698859262.8799016,"layout: 
  dim: []
  data_offset: 0
data: [0.3588467289973534, -0.007916128340294648, -0.035, -2.0]"
1698859262.9286714,"layout: 
  dim: []
  data_offset: 0
data: [0.36553285790256834, -0.008459893236964167, -0.035, -2.0]"
1698859262.9707696,"layout: 
  dim: []
  data_offset: 0
data: [0.3727372307210201, -0.008148425272716198, -0.034, -2.0]"
1698859263.0225375,"layout: 
  dim: []
  data_offset: 0
data: [0.379423359626235, -0.008692190169385716, -0.034, -2.0]"
1698859263.0697112,"layout: 
  dim: []
  data_offset: 0
data: [0.3838807788963783, -0.009054700100498803, -0.034, -2.0]"
1698859263.1185448,"layout: 
  dim: []
  data_offset: 0
data: [0.3910851517148301, -0.008743232136251056, -0.035, -2.0]"
1698859263.1616502,"layout: 
  dim: []
  data_offset: 0
data: [0.39914475739419925, -0.008950008085240047, -0.035, -2.0]"
1698859263.2130904,"layout: 
  dim: []
  data_offset: 0
data: [0.40720436307356844, -0.009156784034229037, -0.036, -2.0]"
1698859263.253878,"layout: 
  dim: []
  data_offset: 0
data: [0.41303525911786604, -0.009182305017661596, -0.036, -2.0]"
1698859263.3054066,"layout: 
  dim: []
  data_offset: 0
data: [0.4180109223012462, -0.008689582087857417, -0.036, -2.0]"
1698859263.3545415,"layout: 
  dim: []
  data_offset: 0
data: [0.422131352623709, -0.007678615244816056, -0.036, -2.0]"
1698859263.395148,"layout: 
  dim: []
  data_offset: 0
data: [0.4252152951196979, -0.008378114123609448, -0.035, -2.0]"
1698859263.4498718,"layout: 
  dim: []
  data_offset: 0
data: [0.42933572544216086, -0.007367147280568087, -0.035, -2.0]"
1698859263.4965842,"layout: 
  dim: []
  data_offset: 0
data: [0.4315644350772324, -0.007548402246124741, -0.035, -2.0]"
1698859263.5363655,"layout: 
  dim: []
  data_offset: 0
data: [0.43431138862554103, -0.006874424350763908, -0.035, -2.0]"
1698859263.5839543,"layout: 
  dim: []
  data_offset: 0
data: [0.4379135750347669, -0.0067186903686398125, -0.035, -2.0]"
1698859263.6318405,"layout: 
  dim: []
  data_offset: 0
data: [0.4428892382181471, -0.006225967438835633, -0.035, -2.0]"
1698859263.6705809,"layout: 
  dim: []
  data_offset: 0
data: [0.44649142462737296, -0.006070233456711538, -0.035, -2.0]"
1698859263.7201629,"layout: 
  dim: []
  data_offset: 0
data: [0.4500936110365988, -0.0059144994745876645, -0.036, -2.0]"
1698859263.7751243,"layout: 
  dim: []
  data_offset: 0
data: [0.455069274219979, -0.005421776544783485, -0.035, -2.0]"
1698859263.823743,"layout: 
  dim: []
  data_offset: 0
data: [0.4595266934901222, -0.00578428647589635, -0.035, -2.0]"
1698859263.8627036,"layout: 
  dim: []
  data_offset: 0
data: [0.46364712381258516, -0.004773319632855211, -0.035, -2.0]"
1698859263.9132876,"layout: 
  dim: []
  data_offset: 0
data: [0.47033325271779997, -0.005317084529524507, -0.035, -2.0]"
1698859263.9650142,"layout: 
  dim: []
  data_offset: 0
data: [0.4775376255362518, -0.005005616565276538, -0.035, -2.0]"
1698859264.008479,"layout: 
  dim: []
  data_offset: 0
data: [0.48422375444146676, -0.005549381461946279, -0.034, -2.0]"
1698859264.0507145,"layout: 
  dim: []
  data_offset: 0
data: [0.49228336012083584, -0.00575615741093527, -0.033, -2.0]"
1698859264.1013246,"layout: 
  dim: []
  data_offset: 0
data: [0.5011981986611224, -0.0064811772731612205, -0.033, -2.0]"
1698859264.1480973,"layout: 
  dim: []
  data_offset: 0
data: [0.5087395604272547, -0.007543186083067699, -0.032, -2.0]"
1698859264.1913674,"layout: 
  dim: []
  data_offset: 0
data: [0.5176543989675412, -0.00826820594529365, -0.032, -2.0]"
1698859264.2554052,"layout: 
  dim: []
  data_offset: 0
data: [0.5260509935945907, -0.009848458668437088, -0.032, -2.0]"
1698859264.284574,"layout: 
  dim: []
  data_offset: 0
data: [0.5322188785865687, -0.011247456426023872, -0.032, -2.0]"
1698859264.3308263,"layout: 
  dim: []
  data_offset: 0
data: [0.5397602403527009, -0.01230946523593035, -0.032, -2.0]"
1698859264.3875797,"layout: 
  dim: []
  data_offset: 0
data: [0.5445546485705246, -0.014045451941197662, -0.032, -2.0]"
1698859264.4234145,"layout: 
  dim: []
  data_offset: 0
data: [0.5476385910665137, -0.014744950819991054, -0.032, -2.0]"
1698859264.470219,"layout: 
  dim: []
  data_offset: 0
data: [0.5520960103366569, -0.01510746075110414, -0.032, -2.0]"
1698859264.5246437,"layout: 
  dim: []
  data_offset: 0
data: [0.5560351856935632, -0.016325203543134492, -0.032, -2.0]"
1698859264.563641,"layout: 
  dim: []
  data_offset: 0
data: [0.5604926049637065, -0.01668771347424758, -0.032, -2.0]"
1698859264.6124544,"layout: 
  dim: []
  data_offset: 0
data: [0.5671787338689214, -0.017231478370916875, -0.032, -2.0]"
1698859264.6657605,"layout: 
  dim: []
  data_offset: 0
data: [0.5747200956350536, -0.018293487180823353, -0.032, -2.0]"
1698859264.7132168,"layout: 
  dim: []
  data_offset: 0
data: [0.583116690262103, -0.01987373990396679, -0.032, -2.0]"
1698859264.754595,"layout: 
  dim: []
  data_offset: 0
data: [0.5898028191673179, -0.02041750480063631, -0.032, -2.0]"
1698859264.8051918,"layout: 
  dim: []
  data_offset: 0
data: [0.5992359016208413, -0.020287291801944773, -0.031, -2.0]"
1698859264.8706095,"layout: 
  dim: []
  data_offset: 0
data: [0.6103794497961995, -0.02119356662972738, -0.03, -2.0]"
1698859264.8992562,"layout: 
  dim: []
  data_offset: 0
data: [0.6206677651106403, -0.0215815975442728, -0.03, -2.0]"
1698859264.9414358,"layout: 
  dim: []
  data_offset: 0
data: [0.6331847900601528, -0.0221508834243751, -0.028, -2.0]"
1698859264.9933403,"layout: 
  dim: []
  data_offset: 0
data: [0.6457018150096652, -0.022720169304477178, -0.028, -2.0]"
1698859265.0324907,"layout: 
  dim: []
  data_offset: 0
data: [0.6546166535499518, -0.02344518916670313, -0.027, -2.0]"
1698859265.0836205,"layout: 
  dim: []
  data_offset: 0
data: [0.6640497360034752, -0.023314976168011814, -0.026, -1.0]"
1698859265.130286,"layout: 
  dim: []
  data_offset: 0
data: [0.6707358649086901, -0.023858741064681332, -0.026, -1.0]"
1698859265.18509,"layout: 
  dim: []
  data_offset: 0
data: [0.6760485170397507, -0.024739494909031157, -0.025, -1.0]"
1698859265.229274,"layout: 
  dim: []
  data_offset: 0
data: [0.6782772266748223, -0.02492074987458781, -0.025, -1.0]"
1698859265.270577,"layout: 
  dim: []
  data_offset: 0
data: [0.680505936309894, -0.025102004840144243, -0.025, -1.0]"
1698859265.3248284,"layout: 
  dim: []
  data_offset: 0
data: [0.6841081227191199, -0.02494627085802037, -0.025, -1.0]"
1698859265.361659,"layout: 
  dim: []
  data_offset: 0
data: [0.6871920652151087, -0.02564576973681354, -0.025, -1.0]"
1698859265.4108982,"layout: 
  dim: []
  data_offset: 0
data: [0.6930229612594063, -0.02567129072024632, -0.025, -1.0]"
1698859265.461022,"layout: 
  dim: []
  data_offset: 0
data: [0.6997090901646214, -0.02621505561691584, -0.025, -1.0]"
1698859265.5009098,"layout: 
  dim: []
  data_offset: 0
data: [0.7041665094347646, -0.026577565548028703, -0.025, -1.0]"
1698859265.550554,"layout: 
  dim: []
  data_offset: 0
data: [0.709479161565825, -0.02745831939237875, -0.025, -1.0]"
1698859265.6035154,"layout: 
  dim: []
  data_offset: 0
data: [0.7144548247492052, -0.02696559646257435, -0.026, -1.0]"
1698859265.6406834,"layout: 
  dim: []
  data_offset: 0
data: [0.7189122440193485, -0.027328106393687435, -0.025, -1.0]"
1698859265.71206,"layout: 
  dim: []
  data_offset: 0
data: [0.7264536057854808, -0.028390115203593913, -0.026, -1.0]"
1698859265.7482302,"layout: 
  dim: []
  data_offset: 0
data: [0.7331397346906957, -0.02893388010026343, -0.025, -1.0]"
1698859265.781781,"layout: 
  dim: []
  data_offset: 0
data: [0.7389706307349931, -0.028959401083695768, -0.026, -1.0]"
1698859265.8326864,"layout: 
  dim: []
  data_offset: 0
data: [0.7465119925011255, -0.03002140989360247, -0.026, -1.0]"
1698859265.880398,"layout: 
  dim: []
  data_offset: 0
data: [0.7554268310414121, -0.030746429755828197, -0.027, -2.0]"
1698859265.9310381,"layout: 
  dim: []
  data_offset: 0
data: [0.7629681928075441, -0.0318084385657349, -0.027, -2.0]"
1698859265.9741814,"layout: 
  dim: []
  data_offset: 0
data: [0.7687990888518418, -0.031833959549167234, -0.028, -2.0]"
1698859266.0229342,"layout: 
  dim: []
  data_offset: 0
data: [0.7799426370272, -0.03274023437695006, -0.028, -2.0]"
1698859266.0760474,"layout: 
  dim: []
  data_offset: 0
data: [0.788002242706569, -0.03294701032593883, -0.029, -2.0]"
1698859266.112193,"layout: 
  dim: []
  data_offset: 0
data: [0.794688371611784, -0.03349077522260835, -0.029, -2.0]"
1698859266.1753023,"layout: 
  dim: []
  data_offset: 0
data: [0.8022297333779161, -0.03455278403251483, -0.03, -2.0]"
1698859266.2105734,"layout: 
  dim: []
  data_offset: 0
data: [0.8080606294222137, -0.034578305015947386, -0.03, -2.0]"
1698859266.260641,"layout: 
  dim: []
  data_offset: 0
data: [0.8116628158314395, -0.03442257103382329, -0.03, -2.0]"
1698859266.305138,"layout: 
  dim: []
  data_offset: 0
data: [0.8138915254665111, -0.034603825999379945, -0.03, -2.0]"
1698859266.3443134,"layout: 
  dim: []
  data_offset: 0
data: [0.8183489447366544, -0.03496633593049303, -0.03, -2.0]"
1698859266.3929403,"layout: 
  dim: []
  data_offset: 0
data: [0.8250350736418693, -0.03551010082716233, -0.03, -2.0]"
1698859266.4408805,"layout: 
  dim: []
  data_offset: 0
data: [0.8330946793212387, -0.03571687677615154, -0.03, -2.0]"
1698859266.4826949,"layout: 
  dim: []
  data_offset: 0
data: [0.8442382274965966, -0.036623151603934145, -0.031, -2.0]"
1698859266.5331066,"layout: 
  dim: []
  data_offset: 0
data: [0.8531530660368831, -0.03734817146616032, -0.031, -2.0]"
1698859266.5777018,"layout: 
  dim: []
  data_offset: 0
data: [0.8634413813513239, -0.03773620238070574, -0.031, -2.0]"
1698859266.627103,"layout: 
  dim: []
  data_offset: 0
data: [0.874584929526682, -0.038642477208488346, -0.031, -2.0]"
1698859266.6753871,"layout: 
  dim: []
  data_offset: 0
data: [0.884355000927886, -0.03988574098395126, -0.032, -2.0]"
1698859266.7216895,"layout: 
  dim: []
  data_offset: 0
data: [0.892414606607255, -0.04009251693294025, -0.032, -2.0]"
1698859266.7674387,"layout: 
  dim: []
  data_offset: 0
data: [0.9021846780084589, -0.04133578070840316, -0.032, -2.0]"
1698859266.8134818,"layout: 
  dim: []
  data_offset: 0
data: [0.9110995165487458, -0.04206080057062933, -0.033, -2.0]"
1698859266.8596573,"layout: 
  dim: []
  data_offset: 0
data: [0.9172674015407235, -0.043459798328216115, -0.032, -2.0]"
1698859266.9084556,"layout: 
  dim: []
  data_offset: 0
data: [0.9239535304459384, -0.04400356322488563, -0.032, -2.0]"
1698859266.958506,"layout: 
  dim: []
  data_offset: 0
data: [0.929784426490236, -0.04402908420831797, -0.032, -2.0]"
1698859267.0006697,"layout: 
  dim: []
  data_offset: 0
data: [0.9350970786212963, -0.044909838052668016, -0.032, -2.0]"
1698859267.0473049,"layout: 
  dim: []
  data_offset: 0
data: [0.9390362539782028, -0.046127580844698146, -0.032, -2.0]"
1698859267.0955381,"layout: 
  dim: []
  data_offset: 0
data: [0.943493673248346, -0.046490090775811455, -0.032, -2.0]"
1698859267.1417081,"layout: 
  dim: []
  data_offset: 0
data: [0.9501798021535609, -0.04703385567248075, -0.032, -2.0]"
1698859267.1905925,"layout: 
  dim: []
  data_offset: 0
data: [0.9577211639196933, -0.04809586448238723, -0.032, -2.0]"
1698859267.236439,"layout: 
  dim: []
  data_offset: 0
data: [0.9688647120950514, -0.049002139310169834, -0.031, -2.0]"
1698859267.284846,"layout: 
  dim: []
  data_offset: 0
data: [0.9813817370445638, -0.04957142519027191, -0.03, -2.0]"
1698859267.3306947,"layout: 
  dim: []
  data_offset: 0
data: [0.9925252852199218, -0.050477700018054295, -0.03, -2.0]"
1698859267.3833067,"layout: 
  dim: []
  data_offset: 0
data: [1.0028136005343629, -0.05086573093259994, -0.029, -2.0]"
1698859267.4227495,"layout: 
  dim: []
  data_offset: 0
data: [1.0125836719355665, -0.05210899470806285, -0.029, -2.0]"
1698859267.4758873,"layout: 
  dim: []
  data_offset: 0
data: [1.020643277614936, -0.05231577065705184, -0.029, -2.0]"
1698859267.5831478,"layout: 
  dim: []
  data_offset: 0
data: [1.0340155354253655, -0.05340330045039088, -0.028, -2.0]"
1698859267.6150088,"layout: 
  dim: []
  data_offset: 0
data: [1.0407016643305806, -0.0539470653470604, -0.028, -2.0]"
1698859267.6617668,"layout: 
  dim: []
  data_offset: 0
data: [1.0487612700099496, -0.05415384129604939, -0.028, -2.0]"
1698859267.7167099,"layout: 
  dim: []
  data_offset: 0
data: [1.0554473989151645, -0.054697606192718906, -0.028, -2.0]"
1698859267.7516313,"layout: 
  dim: []
  data_offset: 0
data: [1.0640252485077704, -0.054049149280790854, -0.027, -2.0]"
1698859267.8003929,"layout: 
  dim: []
  data_offset: 0
data: [1.0729400870480572, -0.054774169143016804, -0.027, -2.0]"
1698859267.8823183,"layout: 
  dim: []
  data_offset: 0
data: [1.0801444598665086, -0.054462701178768835, -0.027, -2.0]"
1698859267.890026,"layout: 
  dim: []
  data_offset: 0
data: [1.088204065545878, -0.05466947712775805, -0.026, -1.0]"
1698859267.9414454,"layout: 
  dim: []
  data_offset: 0
data: [1.0962636712252474, -0.05487625307674704, -0.026, -1.0]"
1698859267.9901044,"layout: 
  dim: []
  data_offset: 0
data: [1.1007210904953904, -0.0552387630078599, -0.025, -1.0]"
1698859268.0305367,"layout: 
  dim: []
  data_offset: 0
data: [1.1065519865396878, -0.055264283991292684, -0.026, -1.0]"
1698859268.0802088,"layout: 
  dim: []
  data_offset: 0
data: [1.114923060183305, -0.06267543275873355, -0.026, -1.0]"
1698859268.128287,"layout: 
  dim: []
  data_offset: 0
data: [1.119380479453448, -0.06303794268984642, -0.026, -1.0]"
1698859268.1728399,"layout: 
  dim: []
  data_offset: 0
data: [1.1205982222454787, -0.059098767332940394, -0.027, -2.0]"
1698859268.2209163,"layout: 
  dim: []
  data_offset: 0
data: [1.1291505508546522, -0.06428120646530955, -0.027, -2.0]"
1698859268.2720127,"layout: 
  dim: []
  data_offset: 0
data: [1.142471766698217, -0.07703052834724344, -0.028, -2.0]"
1698859268.3225725,"layout: 
  dim: []
  data_offset: 0
data: [1.1494948845511122, -0.07894777001806719, -0.028, -2.0]"
1698859268.3634057,"layout: 
  dim: []
  data_offset: 0
data: [1.1572175012828008, -0.07778106919290217, -0.028, -2.0]"
1698859268.4125047,"layout: 
  dim: []
  data_offset: 0
data: [1.1646031290668093, -0.07524089159358271, -0.028, -2.0]"
1698859268.4638069,"layout: 
  dim: []
  data_offset: 0
data: [1.172662734746178, -0.0754476675425717, -0.028, -2.0]"
1698859268.501672,"layout: 
  dim: []
  data_offset: 0
data: [1.1865277154864122, -0.0815108605192909, -0.029, -2.0]"
1698859268.5629818,"layout: 
  dim: []
  data_offset: 0
data: [1.1971530197485336, -0.08327236820799078, -0.028, -2.0]"
1698859268.6049953,"layout: 
  dim: []
  data_offset: 0
data: [1.2077783240106545, -0.08503387589669065, -0.028, -2.0]"
1698859268.6435425,"layout: 
  dim: []
  data_offset: 0
data: [1.215319685776787, -0.08609588470659713, -0.027, -2.0]"
1698859268.693158,"layout: 
  dim: []
  data_offset: 0
data: [1.2242345243170738, -0.08682090456882308, -0.027, -2.0]"
1698859268.7401152,"layout: 
  dim: []
  data_offset: 0
data: [1.2353780724924315, -0.08772717939660546, -0.026, -1.0]"
1698859268.7817595,"layout: 
  dim: []
  data_offset: 0
data: [1.2442929110327183, -0.08845219925883163, -0.024, -1.0]"
1698859268.8352408,"layout: 
  dim: []
  data_offset: 0
data: [1.2568099359822305, -0.08902148513893349, -0.023, -1.0]"
1698859268.8816092,"layout: 
  dim: []
  data_offset: 0
data: [1.2688087170185063, -0.09044600387995305, -0.022, -1.0]"
1698859268.9296257,"layout: 
  dim: []
  data_offset: 0
data: [1.2782417994720294, -0.09031579088126174, -0.021, -1.0]"
1698859268.9707198,"layout: 
  dim: []
  data_offset: 0
data: [1.2902405805083048, -0.09174030962228108, -0.02, -1.0]"
1698859269.028984,"layout: 
  dim: []
  data_offset: 0
data: [1.3008658847704262, -0.09350181731098095, -0.019, -1.0]"
1698859269.0734277,"layout: 
  dim: []
  data_offset: 0
data: [1.3106359561716303, -0.09474508108644408, -0.019, -1.0]"
1698859269.1317816,"layout: 
  dim: []
  data_offset: 0
data: [1.3181773179377623, -0.09580708989635034, -0.018, -1.0]"
1698859269.1639252,"layout: 
  dim: []
  data_offset: 0
data: [1.326573912564812, -0.09738734261949378, -0.018, -1.0]"
1698859269.2239437,"layout: 
  dim: []
  data_offset: 0
data: [1.3341152743309443, -0.09844935142940026, -0.017, -1.0]"
1698859269.2640014,"layout: 
  dim: []
  data_offset: 0
data: [1.3402831593229219, -0.09984834918698704, -0.017, -1.0]"
1698859269.3011649,"layout: 
  dim: []
  data_offset: 0
data: [1.3450775675407458, -0.10158433589225435, -0.017, -1.0]"
1698859269.3525074,"layout: 
  dim: []
  data_offset: 0
data: [1.3503902196718065, -0.10246508973660418, -0.017, -1.0]"
1698859269.419241,"layout: 
  dim: []
  data_offset: 0
data: [1.35518462788963, -0.10420107644187149, -0.017, -1.0]"
1698859269.4670675,"layout: 
  dim: []
  data_offset: 0
data: [1.3618707567948451, -0.104744841338541, -0.016, -1.0]"
1698859269.4925492,"layout: 
  dim: []
  data_offset: 0
data: [1.3699303624742143, -0.10495161728753, -0.015, -1.0]"
1698859269.5330503,"layout: 
  dim: []
  data_offset: 0
data: [1.3779899681535834, -0.10515839323651921, -0.015, -1.0]"
1698859269.5856633,"layout: 
  dim: []
  data_offset: 0
data: [1.3882782834680238, -0.10554642415106463, -0.013, -1.0]"
1698859269.6540267,"layout: 
  dim: []
  data_offset: 0
data: [1.3994218316433824, -0.10645269897884724, -0.011, -1.0]"
1698859269.6888433,"layout: 
  dim: []
  data_offset: 0
data: [1.4083366701836688, -0.10717771884107319, -0.009, -1.0]"
1698859269.7247133,"layout: 
  dim: []
  data_offset: 0
data: [1.4155410430021202, -0.10686625087682544, -0.008, -0.0]"
1698859269.7714639,"layout: 
  dim: []
  data_offset: 0
data: [1.4249741254556443, -0.10673603787813413, -0.005, -0.0]"
1698859269.814777,"layout: 
  dim: []
  data_offset: 0
data: [1.4308050214999417, -0.10676155886156669, -0.004, -0.0]"
1698859269.8684494,"layout: 
  dim: []
  data_offset: 0
data: [1.4388646271793109, -0.10696833481055568, -0.002, -0.0]"
1698859269.9119186,"layout: 
  dim: []
  data_offset: 0
data: [1.4416371017110516, -0.10046346087089741, 0.0, 0.0]"
1698859269.9518197,"layout: 
  dim: []
  data_offset: 0
data: [1.4403146669037628, -0.08913865772998264, 0.004, 0.0]"
1698859270.0023198,"layout: 
  dim: []
  data_offset: 0
data: [1.4454715850526996, -0.08641722516510675, 0.007, 0.0]"
1698859270.0500963,"layout: 
  dim: []
  data_offset: 0
data: [1.452338968923471, -0.08473228042670455, 0.009, 1.0]"
1698859270.1011555,"layout: 
  dim: []
  data_offset: 0
data: [1.46039857460284, -0.08493905637569377, 0.011, 1.0]"
1698859270.1426024,"layout: 
  dim: []
  data_offset: 0
data: [1.4667477145603742, -0.08410934449820906, 0.013, 1.0]"
1698859270.1954064,"layout: 
  dim: []
  data_offset: 0
data: [1.473952087378826, -0.08379787653396109, 0.015, 1.0]"
1698859270.2414467,"layout: 
  dim: []
  data_offset: 0
data: [1.481156460197278, -0.08348640856971312, 0.017, 1.0]"
1698859270.2819047,"layout: 
  dim: []
  data_offset: 0
data: [1.4869873562415759, -0.0835119295531459, 0.018, 1.0]"
1698859270.3315876,"layout: 
  dim: []
  data_offset: 0
data: [1.4924812633381928, -0.08216397376242424, 0.021, 1.0]"
1698859270.3833303,"layout: 
  dim: []
  data_offset: 0
data: [1.4983121593824902, -0.08218949474585657, 0.023, 1.0]"
1698859270.424387,"layout: 
  dim: []
  data_offset: 0
data: [1.5032878225658703, -0.0816967718160524, 0.024, 1.0]"
1698859270.4689126,"layout: 
  dim: []
  data_offset: 0
data: [1.5082634857492505, -0.08120404888624799, 0.025, 1.0]"
1698859270.5180635,"layout: 
  dim: []
  data_offset: 0
data: [1.5154678585677024, -0.08089258092200025, 0.027, 2.0]"
1698859270.5633266,"layout: 
  dim: []
  data_offset: 0
data: [1.5221539874729175, -0.08143634581866954, 0.029, 2.0]"
1698859270.6181853,"layout: 
  dim: []
  data_offset: 0
data: [1.5257561738821432, -0.08128061183654567, 0.029, 2.0]"
1698859270.6559682,"layout: 
  dim: []
  data_offset: 0
data: [1.529358360291369, -0.0811248778544218, 0.03, 2.0]"
1698859270.7025392,"layout: 
  dim: []
  data_offset: 0
data: [1.5343340234747496, -0.0806321549246174, 0.031, 2.0]"
1698859270.7545893,"layout: 
  dim: []
  data_offset: 0
data: [1.5387914427448925, -0.08099466485573048, 0.032, 2.0]"
1698859270.8001938,"layout: 
  dim: []
  data_offset: 0
data: [1.54462233878919, -0.08102018583916304, 0.034, 2.0]"
1698859270.8436742,"layout: 
  dim: []
  data_offset: 0
data: [1.5513084676944047, -0.08156395073583256, 0.035, 2.0]"
1698859270.889933,"layout: 
  dim: []
  data_offset: 0
data: [1.5562841308777853, -0.08107122780602816, 0.036, 2.0]"
1698859270.9385383,"layout: 
  dim: []
  data_offset: 0
data: [1.5621150269220827, -0.08109674878946072, 0.037, 2.0]"
1698859270.9841485,"layout: 
  dim: []
  data_offset: 0
data: [1.5670906901054629, -0.08060402585965631, 0.038, 2.0]"
1698859271.0298572,"layout: 
  dim: []
  data_offset: 0
data: [1.5715481093756063, -0.0809665357907694, 0.039, 2.0]"
1698859271.0790198,"layout: 
  dim: []
  data_offset: 0
data: [1.5746320518715953, -0.08166603466956279, 0.04, 2.0]"
1698859271.1271548,"layout: 
  dim: []
  data_offset: 0
data: [1.5790894711417383, -0.08202854460067588, 0.04, 2.0]"
1698859271.178222,"layout: 
  dim: []
  data_offset: 0
data: [1.5821734136377272, -0.08272804347946927, 0.041, 2.0]"
1698859271.2289004,"layout: 
  dim: []
  data_offset: 0
data: [1.587486065768788, -0.0836087973238191, 0.041, 2.0]"
1698859271.2698653,"layout: 
  dim: []
  data_offset: 0
data: [1.5936539507607659, -0.08500779508140588, 0.041, 2.0]"
1698859271.3140953,"layout: 
  dim: []
  data_offset: 0
data: [1.6011953125268983, -0.08606980389131258, 0.042, 2.0]"
1698859271.3640594,"layout: 
  dim: []
  data_offset: 0
data: [1.609591907153948, -0.0876500566144558, 0.042, 2.0]"
1698859271.410632,"layout: 
  dim: []
  data_offset: 0
data: [1.615759792145926, -0.0890490543720428, 0.042, 2.0]"
1698859271.4546914,"layout: 
  dim: []
  data_offset: 0
data: [1.6214094332246667, -0.09130328499054685, 0.042, 2.0]"
1698859271.5029511,"layout: 
  dim: []
  data_offset: 0
data: [1.6244933757206557, -0.09200278386934024, 0.042, 2.0]"
1698859271.5499058,"layout: 
  dim: []
  data_offset: 0
data: [1.62586685249481, -0.09166579492165994, 0.042, 2.0]"
1698859271.5973256,"layout: 
  dim: []
  data_offset: 0
data: [1.6275773182166446, -0.09270228274813386, 0.043, 2.0]"
1698859271.6408217,"layout: 
  dim: []
  data_offset: 0
data: [1.6306612607126336, -0.09340178162692725, 0.043, 2.0]"
1698859271.6885574,"layout: 
  dim: []
  data_offset: 0
data: [1.6342634471218593, -0.09324604764480315, 0.044, 3.0]"
1698859271.7348454,"layout: 
  dim: []
  data_offset: 0
data: [1.63957609925292, -0.0941268014891532, 0.045, 3.0]"
1698859271.7862022,"layout: 
  dim: []
  data_offset: 0
data: [1.6654909029962948, -0.08995272111829666, 0.044, 3.0]"
1698859271.8290012,"layout: 
  dim: []
  data_offset: 0
data: [1.6790444157722813, -0.08881154127656399, 0.045, 3.0]"
1698859271.8753302,"layout: 
  dim: []
  data_offset: 0
data: [1.690706207860876, -0.0888625832434291, 0.047, 3.0]"
1698859271.92575,"layout: 
  dim: []
  data_offset: 0
data: [1.7004762792620802, -0.09010584701889224, 0.049, 3.0]"
1698859271.9745502,"layout: 
  dim: []
  data_offset: 0
data: [1.710764594576521, -0.09049387793343766, 0.051, 3.0]"
1698859272.0199142,"layout: 
  dim: []
  data_offset: 0
data: [1.7188242002558902, -0.09070065388242687, 0.053, 3.0]"
1698859272.0653493,"layout: 
  dim: []
  data_offset: 0
data: [1.727402049848496, -0.0900521969704986, 0.055, 3.0]"
1698859272.111345,"layout: 
  dim: []
  data_offset: 0
data: [1.7363168883887825, -0.09077721683272455, 0.058, 3.0]"
1698859272.1629605,"layout: 
  dim: []
  data_offset: 0
data: [1.7435212612072344, -0.0904657488684768, 0.06, 3.0]"
1698859272.208389,"layout: 
  dim: []
  data_offset: 0
data: [1.7484969243906145, -0.0899730259386724, 0.061, 3.0]"
1698859272.2569761,"layout: 
  dim: []
  data_offset: 0
data: [1.7526173547130774, -0.08896205909563104, 0.063, 4.0]"
1698859272.3114545,"layout: 
  dim: []
  data_offset: 0
data: [1.7570747739832209, -0.08932456902674413, 0.065, 4.0]"
1698859272.349538,"layout: 
  dim: []
  data_offset: 0
data: [1.7611952043056838, -0.08831360218370299, 0.066, 4.0]"
1698859272.3900936,"layout: 
  dim: []
  data_offset: 0
data: [1.766170867489064, -0.08782087925389837, 0.068, 4.0]"
1698859272.4401195,"layout: 
  dim: []
  data_offset: 0
data: [1.771146530672444, -0.08732815632409396, 0.07, 4.0]"
1698859272.4893153,"layout: 
  dim: []
  data_offset: 0
data: [1.775266960994907, -0.08631718948105283, 0.071, 4.0]"
1698859272.5367715,"layout: 
  dim: []
  data_offset: 0
data: [1.7793873913173694, -0.08530622263801169, 0.073, 4.0]"
1698859272.5807524,"layout: 
  dim: []
  data_offset: 0
data: [1.7829895777265956, -0.08515048865588759, 0.074, 4.0]"
1698859272.6261861,"layout: 
  dim: []
  data_offset: 0
data: [1.7879652409099758, -0.08465776572608341, 0.074, 4.0]"
1698859272.6757033,"layout: 
  dim: []
  data_offset: 0
data: [1.7943143808675104, -0.08382805384859848, 0.075, 4.0]"
1698859272.7202713,"layout: 
  dim: []
  data_offset: 0
data: [1.7992900440508905, -0.08333533091879408, 0.076, 4.0]"
1698859272.7705452,"layout: 
  dim: []
  data_offset: 0
data: [1.8056391840084247, -0.08250561904130937, 0.078, 4.0]"
1698859272.8135557,"layout: 
  dim: []
  data_offset: 0
data: [1.8106148471918049, -0.08201289611150497, 0.08, 5.0]"
1698859272.8665812,"layout: 
  dim: []
  data_offset: 0
data: [1.815590510375185, -0.08152017318170057, 0.083, 5.0]"
1698859272.9081786,"layout: 
  dim: []
  data_offset: 0
data: [1.818337463923494, -0.08084619528633996, 0.085, 5.0]"
1698859272.9562628,"layout: 
  dim: []
  data_offset: 0
data: [1.823313127106874, -0.08035347235653556, 0.087, 5.0]"
1698859272.9994497,"layout: 
  dim: []
  data_offset: 0
data: [1.8296622670644083, -0.07952376047905085, 0.089, 5.0]"
1698859273.051992,"layout: 
  dim: []
  data_offset: 0
data: [1.8354931631087061, -0.07954928146248341, 0.091, 5.0]"
1698859273.1029556,"layout: 
  dim: []
  data_offset: 0
data: [1.842697535927158, -0.07923781349823544, 0.092, 5.0]"
1698859273.1408486,"layout: 
  dim: []
  data_offset: 0
data: [1.8512753855197635, -0.07858935658630695, 0.095, 5.0]"
1698859273.190585,"layout: 
  dim: []
  data_offset: 0
data: [1.8620819447474415, -0.07812215463993555, 0.098, 6.0]"
1698859273.2385883,"layout: 
  dim: []
  data_offset: 0
data: [1.8692863175658934, -0.07781068667568736, 0.101, 6.0]"
1698859273.2826312,"layout: 
  dim: []
  data_offset: 0
data: [1.8778641671584997, -0.0771622297637593, 0.103, 6.0]"
1698859273.343545,"layout: 
  dim: []
  data_offset: 0
data: [1.8859237728378688, -0.07736900571274852, 0.105, 6.0]"
1698859273.3793204,"layout: 
  dim: []
  data_offset: 0
data: [1.8903811921080118, -0.07773151564386138, 0.107, 6.0]"
1698859273.423195,"layout: 
  dim: []
  data_offset: 0
data: [1.8962120881523097, -0.07775703662729394, 0.109, 6.0]"
1698859273.4714756,"layout: 
  dim: []
  data_offset: 0
data: [1.9006695074224527, -0.07811954655840703, 0.11, 6.0]"
1698859273.5214424,"layout: 
  dim: []
  data_offset: 0
data: [1.902898217057524, -0.07830080152396346, 0.11, 6.0]"
1698859273.5669532,"layout: 
  dim: []
  data_offset: 0
data: [1.905126926692596, -0.07848205648951989, 0.111, 6.0]"
1698859273.6107488,"layout: 
  dim: []
  data_offset: 0
data: [1.9087291131018223, -0.07832632250739624, 0.112, 6.0]"
1698859273.6608229,"layout: 
  dim: []
  data_offset: 0
data: [1.9123312995110475, -0.07817058852527214, 0.114, 7.0]"
1698859273.7121005,"layout: 
  dim: []
  data_offset: 0
data: [1.916788718781191, -0.07853309845638501, 0.115, 7.0]"
1698859273.757995,"layout: 
  dim: []
  data_offset: 0
data: [1.9217643819645711, -0.07804037552658061, 0.117, 7.0]"
1698859273.8021731,"layout: 
  dim: []
  data_offset: 0
data: [1.927595278008869, -0.07806589651001339, 0.12, 7.0]"
1698859273.8616238,"layout: 
  dim: []
  data_offset: 0
data: [1.9325709411922491, -0.07757317358020921, 0.122, 7.0]"
1698859273.8911889,"layout: 
  dim: []
  data_offset: 0
data: [1.9384018372365466, -0.07759869456364155, 0.125, 7.0]"
1698859273.9485598,"layout: 
  dim: []
  data_offset: 0
data: [1.945606210054998, -0.07728722659939358, 0.129, 7.0]"
1698859274.005826,"layout: 
  dim: []
  data_offset: 0
data: [1.9519553500125326, -0.07645751472190865, 0.132, 8.0]"
1698859274.032345,"layout: 
  dim: []
  data_offset: 0
data: [1.961906676379293, -0.07547206886230007, 0.137, 8.0]"
1698859274.098733,"layout: 
  dim: []
  data_offset: 0
data: [1.9732314795202077, -0.07414963405501118, 0.142, 8.0]"
1698859274.1430626,"layout: 
  dim: []
  data_offset: 0
data: [1.9795806194777423, -0.07331992217752648, 0.146, 8.0]"
1698859274.19921,"layout: 
  dim: []
  data_offset: 0
data: [1.9859297594352765, -0.07249021030004155, 0.148, 8.0]"
1698859274.2287407,"layout: 
  dim: []
  data_offset: 0
data: [1.9886767129835854, -0.07181623240468071, 0.15, 9.0]"
1698859274.2766178,"layout: 
  dim: []
  data_offset: 0
data: [1.9900501897577394, -0.07147924345700019, 0.151, 9.0]"
1698859274.3392653,"layout: 
  dim: []
  data_offset: 0
data: [1.9936523761669656, -0.07132350947487631, 0.153, 9.0]"
1698859274.3609338,"layout: 
  dim: []
  data_offset: 0
data: [1.997772806489428, -0.07031254263183495, 0.155, 9.0]"
1698859274.4167855,"layout: 
  dim: []
  data_offset: 0
data: [2.003266713586045, -0.06896458684111328, 0.158, 9.0]"
1698859274.4642887,"layout: 
  dim: []
  data_offset: 0
data: [2.010989330317734, -0.06779788601594827, 0.161, 9.0]"
1698859274.502625,"layout: 
  dim: []
  data_offset: 0
data: [2.0187119470494226, -0.06663118519078304, 0.164, 9.0]"
1698859274.571055,"layout: 
  dim: []
  data_offset: 0
data: [2.025061087006957, -0.06580147331329833, 0.166, 10.0]"
1698859274.5990791,"layout: 
  dim: []
  data_offset: 0
data: [2.0305549941035745, -0.06445351752257666, 0.169, 10.0]"
1698859274.6409078,"layout: 
  dim: []
  data_offset: 0
data: [2.0360489012001914, -0.06310556173185478, 0.171, 10.0]"
1698859274.6911006,"layout: 
  dim: []
  data_offset: 0
data: [2.041542808296809, -0.06175760594113333, 0.173, 10.0]"
1698859274.739734,"layout: 
  dim: []
  data_offset: 0
data: [2.046518471480189, -0.06126488301132871, 0.175, 10.0]"
1698859274.7820294,"layout: 
  dim: []
  data_offset: 0
data: [2.052867611437723, -0.060435171133844, 0.177, 10.0]"
1698859274.8337944,"layout: 
  dim: []
  data_offset: 0
data: [2.0605902281694117, -0.05926847030867877, 0.179, 10.0]"
1698859274.8866882,"layout: 
  dim: []
  data_offset: 0
data: [2.066939368126947, -0.05843875843119406, 0.181, 10.0]"
1698859274.92281,"layout: 
  dim: []
  data_offset: 0
data: [2.0724332752235637, -0.05709080264047239, 0.183, 10.0]"
1698859274.9739456,"layout: 
  dim: []
  data_offset: 0
data: [2.0810111248161696, -0.0564423457285439, 0.186, 11.0]"
1698859275.0201125,"layout: 
  dim: []
  data_offset: 0
data: [2.0887337415478586, -0.055275644903378884, 0.188, 11.0]"
1698859275.0620642,"layout: 
  dim: []
  data_offset: 0
data: [2.098348078966938, -0.052916722269615635, 0.192, 11.0]"
1698859275.1128886,"layout: 
  dim: []
  data_offset: 0
data: [2.1082994053336988, -0.051931276410007055, 0.195, 11.0]"
1698859275.1626763,"layout: 
  dim: []
  data_offset: 0
data: [2.1165402659786245, -0.04990934272392478, 0.198, 11.0]"
1698859275.21193,"layout: 
  dim: []
  data_offset: 0
data: [2.1242628827103127, -0.04874264189875932, 0.201, 12.0]"
1698859275.251766,"layout: 
  dim: []
  data_offset: 0
data: [2.1306120226678473, -0.04791293002127461, 0.203, 12.0]"
1698859275.3065372,"layout: 
  dim: []
  data_offset: 0
data: [2.137816395486299, -0.047601462057026867, 0.206, 12.0]"
1698859275.3515904,"layout: 
  dim: []
  data_offset: 0
data: [2.1446837793570706, -0.04591651731862467, 0.208, 12.0]"
1698859275.3945866,"layout: 
  dim: []
  data_offset: 0
data: [2.1496594425404507, -0.04542379438882027, 0.21, 12.0]"
1698859275.4416842,"layout: 
  dim: []
  data_offset: 0
data: [2.1554903385847486, -0.04544931537225283, 0.212, 12.0]"
1698859275.488689,"layout: 
  dim: []
  data_offset: 0
data: [2.1601290128204482, -0.0435831156682942, 0.211, 12.0]"
1698859275.5433595,"layout: 
  dim: []
  data_offset: 0
data: [2.1628759663687567, -0.04290913777293337, 0.212, 12.0]"
1698859275.5855603,"layout: 
  dim: []
  data_offset: 0
data: [2.164767687056148, -0.04171691596433558, 0.212, 12.0]"
1698859275.6372762,"layout: 
  dim: []
  data_offset: 0
data: [2.168369873465374, -0.041561181982211926, 0.214, 12.0]"
1698859275.6790917,"layout: 
  dim: []
  data_offset: 0
data: [2.1731642816831975, -0.043297168687479015, 0.221, 13.0]"
1698859275.7366617,"layout: 
  dim: []
  data_offset: 0
data: [2.1836338519631946, -0.041456489966952725, 0.227, 13.0]"
1698859275.7827532,"layout: 
  dim: []
  data_offset: 0
data: [2.194621666156429, -0.03876057838550939, 0.234, 13.0]"
1698859275.821803,"layout: 
  dim: []
  data_offset: 0
data: [2.204572992523189, -0.03777513252590081, 0.239, 14.0]"
1698859275.8672352,"layout: 
  dim: []
  data_offset: 0
data: [2.217789516351495, -0.03526047591001413, 0.246, 14.0]"
1698859275.910321,"layout: 
  dim: []
  data_offset: 0
data: [2.2301508073188834, -0.03222757538089005, 0.254, 15.0]"
1698859275.9550886,"layout: 
  dim: []
  data_offset: 0
data: [2.238909911877046, -0.029350408833890063, 0.259, 15.0]"
1698859276.0043178,"layout: 
  dim: []
  data_offset: 0
data: [2.248524249296126, -0.026991486200127257, 0.264, 15.0]"
1698859276.051161,"layout: 
  dim: []
  data_offset: 0
data: [2.2553916331668975, -0.025306541461725063, 0.268, 15.0]"
1698859276.1019194,"layout: 
  dim: []
  data_offset: 0
data: [2.2595120634893604, -0.024295574618683924, 0.27, 15.0]"
1698859276.15056,"layout: 
  dim: []
  data_offset: 0
data: [2.2650059705859773, -0.022947618827962035, 0.273, 16.0]"
1698859276.1913216,"layout: 
  dim: []
  data_offset: 0
data: [2.2696446448216774, -0.02108141912400341, 0.276, 16.0]"
1698859276.2406974,"layout: 
  dim: []
  data_offset: 0
data: [2.274283319057377, -0.019215219420044782, 0.278, 16.0]"
1698859276.282788,"layout: 
  dim: []
  data_offset: 0
data: [2.27840374937984, -0.018204252577003643, 0.281, 16.0]"
1698859276.3335397,"layout: 
  dim: []
  data_offset: 0
data: [2.2844159003896936, -0.01600106392536449, 0.283, 16.0]"
1698859276.3812907,"layout: 
  dim: []
  data_offset: 0
data: [2.2890545746253936, -0.014134864221405863, 0.286, 16.0]"
1698859276.4206605,"layout: 
  dim: []
  data_offset: 0
data: [2.2936932488610933, -0.012268664517447458, 0.288, 17.0]"
1698859276.474556,"layout: 
  dim: []
  data_offset: 0
data: [2.298331923096793, -0.01040246481348861, 0.29, 17.0]"
1698859276.5245302,"layout: 
  dim: []
  data_offset: 0
data: [2.302970597332493, -0.008536265109529984, 0.293, 17.0]"
1698859276.5712078,"layout: 
  dim: []
  data_offset: 0
data: [2.307609271568193, -0.006670065405571357, 0.295, 17.0]"
1698859276.611998,"layout: 
  dim: []
  data_offset: 0
data: [2.3131031786648095, -0.0053221096148499125, 0.297, 17.0]"
1698859276.6673381,"layout: 
  dim: []
  data_offset: 0
data: [2.3191153296746636, -0.0031189209632107584, 0.299, 17.0]"
1698859276.711526,"layout: 
  dim: []
  data_offset: 0
data: [2.325982713545435, -0.0014339762248085641, 0.301, 17.0]"
1698859276.7549365,"layout: 
  dim: []
  data_offset: 0
data: [2.330621387781135, 0.0004322234791500623, 0.303, 17.0]"
1698859276.806704,"layout: 
  dim: []
  data_offset: 0
data: [2.336970527738669, 0.001261935356634769, 0.304, 17.0]"
1698859276.859618,"layout: 
  dim: []
  data_offset: 0
data: [2.3424644348352865, 0.0026098911473566577, 0.306, 18.0]"
1698859276.8990607,"layout: 
  dim: []
  data_offset: 0
data: [2.3479583419319034, 0.003957846938078102, 0.308, 18.0]"
1698859276.9532955,"layout: 
  dim: []
  data_offset: 0
data: [2.3561992025768297, 0.005979780624160824, 0.311, 18.0]"
1698859276.9906766,"layout: 
  dim: []
  data_offset: 0
data: [2.3630665864476006, 0.0076647253625630185, 0.313, 18.0]"
1698859277.0321188,"layout: 
  dim: []
  data_offset: 0
data: [2.369415726405135, 0.008494437240047725, 0.315, 18.0]"
1698859277.0898395,"layout: 
  dim: []
  data_offset: 0
data: [2.3762831102759066, 0.01017938197844992, 0.318, 18.0]"
1698859277.1313837,"layout: 
  dim: []
  data_offset: 0
data: [2.3840057270075956, 0.011346082803614932, 0.321, 18.0]"
1698859277.183589,"layout: 
  dim: []
  data_offset: 0
data: [2.3908731108783665, 0.013031027542017126, 0.323, 19.0]"
1698859277.221211,"layout: 
  dim: []
  data_offset: 0
data: [2.3985957276100556, 0.01419772836718236, 0.326, 19.0]"
1698859277.2861195,"layout: 
  dim: []
  data_offset: 0
data: [2.405463111480827, 0.015882673105584555, 0.328, 19.0]"
1698859277.3170748,"layout: 
  dim: []
  data_offset: 0
data: [2.410438774664207, 0.016375396035388734, 0.33, 19.0]"
1698859277.364492,"layout: 
  dim: []
  data_offset: 0
data: [2.4167879146217413, 0.017205107912873663, 0.332, 19.0]"
1698859277.4083378,"layout: 
  dim: []
  data_offset: 0
data: [2.4222818217183586, 0.01855306370359533, 0.335, 19.0]"
1698859277.455655,"layout: 
  dim: []
  data_offset: 0
data: [2.4327513919983557, 0.020393742424121397, 0.34, 19.0]"
1698859277.499979,"layout: 
  dim: []
  data_offset: 0
data: [2.4198718571177307, 0.01650560903408005, 0.347, 20.0]"
1698859277.546859,"layout: 
  dim: []
  data_offset: 0
data: [2.4217635778051214, 0.017697830842678064, 0.353, 20.0]"
1698859277.593215,"layout: 
  dim: []
  data_offset: 0
data: [2.428630961675893, 0.019382775581080258, 0.357, 20.0]"
1698859277.6412938,"layout: 
  dim: []
  data_offset: 0
data: [2.4327513919983557, 0.020393742424121397, 0.359, 21.0]"
1698859277.6874602,"layout: 
  dim: []
  data_offset: 0
data: [2.436016589459901, 0.021922953180399718, 0.36, 21.0]"
1698859277.7346833,"layout: 
  dim: []
  data_offset: 0
data: [2.4401370197823637, 0.022933920023440857, 0.362, 21.0]"
1698859277.786642,"layout: 
  dim: []
  data_offset: 0
data: [2.4475226475663723, 0.025474097622760317, 0.367, 21.0]"
1698859277.8349948,"layout: 
  dim: []
  data_offset: 0
data: [2.454908275350381, 0.028014275222079776, 0.37, 21.0]"
1698859277.887582,"layout: 
  dim: []
  data_offset: 0
data: [2.46452261276946, 0.030373197855842804, 0.376, 22.0]"
1698859277.9230466,"layout: 
  dim: []
  data_offset: 0
data: [2.4737999612408603, 0.034105597263759835, 0.381, 22.0]"
1698859277.997508,"layout: 
  dim: []
  data_offset: 0
data: [2.480330356163951, 0.037164018776316476, 0.384, 22.0]"
1698859278.019034,"layout: 
  dim: []
  data_offset: 0
data: [2.4871977400347225, 0.03884896351471867, 0.387, 22.0]"
1698859278.0641842,"layout: 
  dim: []
  data_offset: 0
data: [2.5014507516895024, 0.0430740858524401, 0.388, 22.0]"
1698859278.1157355,"layout: 
  dim: []
  data_offset: 0
data: [2.521715914354136, 0.04950239684180069, 0.388, 22.0]"
1698859278.157724,"layout: 
  dim: []
  data_offset: 0
data: [2.53236673959969, 0.05357178519739847, 0.391, 22.0]"
1698859278.2049696,"layout: 
  dim: []
  data_offset: 0
data: [2.5402706112969353, 0.05696719565763542, 0.394, 23.0]"
1698859278.2525363,"layout: 
  dim: []
  data_offset: 0
data: [2.5468010062200257, 0.060025617170191836, 0.399, 23.0]"
1698859278.29941,"layout: 
  dim: []
  data_offset: 0
data: [2.5538496450563537, 0.0639392715436653, 0.403, 23.0]"
1698859278.347059,"layout: 
  dim: []
  data_offset: 0
data: [2.5444165626028306, 0.0638090585449742, 0.408, 23.0]"
1698859278.3932314,"layout: 
  dim: []
  data_offset: 0
data: [2.547344771116695, 0.06671174607540675, 0.411, 24.0]"
1698859278.4414515,"layout: 
  dim: []
  data_offset: 0
data: [2.5670916898680924, 0.07228482420384985, 0.412, 24.0]"
1698859278.492071,"layout: 
  dim: []
  data_offset: 0
data: [2.5744773176521005, 0.07482500180316931, 0.414, 24.0]"
1698859278.531057,"layout: 
  dim: []
  data_offset: 0
data: [2.577742515113646, 0.07635421255944741, 0.418, 24.0]"
1698859278.5818343,"layout: 
  dim: []
  data_offset: 0
data: [2.5842729100367374, 0.07941263407200405, 0.42, 24.0]"
1698859278.628517,"layout: 
  dim: []
  data_offset: 0
data: [2.579815490766594, 0.07977514400311692, 0.422, 24.0]"
1698859278.6746373,"layout: 
  dim: []
  data_offset: 0
data: [2.5940685024213734, 0.08400026634083857, 0.426, 24.0]"
1698859278.7276566,"layout: 
  dim: []
  data_offset: 0
data: [2.6060928044410816, 0.08840664364411666, 0.43, 25.0]"
1698859278.794726,"layout: 
  dim: []
  data_offset: 0
data: [2.6005988973444647, 0.08705868785339521, 0.432, 25.0]"
1698859278.8235157,"layout: 
  dim: []
  data_offset: 0
data: [2.6175988625475526, 0.09195778808647748, 0.435, 25.0]"
1698859278.8669863,"layout: 
  dim: []
  data_offset: 0
data: [2.624984490331561, 0.09449796568579694, 0.437, 25.0]"
1698859278.9110987,"layout: 
  dim: []
  data_offset: 0
data: [2.630478397428178, 0.0958459214765186, 0.44, 25.0]"
1698859278.9667084,"layout: 
  dim: []
  data_offset: 0
data: [2.635972304524795, 0.09719387726724049, 0.442, 25.0]"
1698859279.0005236,"layout: 
  dim: []
  data_offset: 0
data: [2.641984455534649, 0.09939706591887942, 0.445, 25.0]"
1698859279.054586,"layout: 
  dim: []
  data_offset: 0
data: [2.648851839405421, 0.10108201065728162, 0.448, 26.0]"
1698859279.1025715,"layout: 
  dim: []
  data_offset: 0
data: [2.6529722697278837, 0.10209297750032276, 0.45, 26.0]"
1698859279.1425166,"layout: 
  dim: []
  data_offset: 0
data: [2.657092700050346, 0.10310394434336412, 0.452, 26.0]"
1698859279.191685,"layout: 
  dim: []
  data_offset: 0
data: [2.661213130372809, 0.10411491118640526, 0.455, 26.0]"
1698859279.2414157,"layout: 
  dim: []
  data_offset: 0
data: [2.665333560695272, 0.10512587802944662, 0.457, 26.0]"
1698859279.2806227,"layout: 
  dim: []
  data_offset: 0
data: [2.6691170020700543, 0.1075103216466422, 0.458, 26.0]"
1698859279.3306847,"layout: 
  dim: []
  data_offset: 0
data: [2.6746109091666717, 0.10885827743736365, 0.461, 26.0]"
1698859279.382941,"layout: 
  dim: []
  data_offset: 0
data: [2.6801048162632886, 0.11020623322808554, 0.464, 27.0]"
1698859279.4299645,"layout: 
  dim: []
  data_offset: 0
data: [2.6866352111863794, 0.11326465474064196, 0.468, 27.0]"
1698859279.4751024,"layout: 
  dim: []
  data_offset: 0
data: [2.694020838970388, 0.11580483233996164, 0.473, 27.0]"
1698859279.5219712,"layout: 
  dim: []
  data_offset: 0
data: [2.70244295458087, 0.12005547566111585, 0.478, 27.0]"
1698859279.5666919,"layout: 
  dim: []
  data_offset: 0
data: [2.7098285823648784, 0.12259565326043509, 0.483, 28.0]"
1698859279.6104076,"layout: 
  dim: []
  data_offset: 0
data: [2.719624174749515, 0.12718328552926983, 0.489, 28.0]"
1698859279.660007,"layout: 
  dim: []
  data_offset: 0
data: [2.7203236736283083, 0.1302672280252588, 0.493, 28.0]"
1698859279.706502,"layout: 
  dim: []
  data_offset: 0
data: [2.71415578863633, 0.1316662257828456, 0.498, 29.0]"
1698859279.7547574,"layout: 
  dim: []
  data_offset: 0
data: [2.7134818107409697, 0.13441317933115404, 0.5, 29.0]"
1698859279.8032057,"layout: 
  dim: []
  data_offset: 0
data: [2.7172652521157517, 0.13679762294834963, 0.504, 29.0]"
1698859279.8508062,"layout: 
  dim: []
  data_offset: 0
data: [2.7177834960289884, 0.1376528558092669, 0.505, 29.0]"
1698859279.892261,"layout: 
  dim: []
  data_offset: 0
data: [2.7172652521157517, 0.13679762294834963, 0.505, 29.0]"
1698859279.9408977,"layout: 
  dim: []
  data_offset: 0
data: [2.7172652521157517, 0.13679762294834963, 0.506, 29.0]"
1698859279.9964993,"layout: 
  dim: []
  data_offset: 0
data: [2.7177834960289884, 0.1376528558092669, 0.507, 29.0]"
1698859280.0371077,"layout: 
  dim: []
  data_offset: 0
data: [2.7201934606296168, 0.13970031047878217, 0.508, 29.0]"
1698859280.1082938,"layout: 
  dim: []
  data_offset: 0
data: [2.722940414177925, 0.140374288374143, 0.51, 29.0]"
1698859280.1301925,"layout: 
  dim: []
  data_offset: 0
data: [2.725350378778553, 0.1424217430436583, 0.511, 29.0]"
1698859280.1730433,"layout: 
  dim: []
  data_offset: 0
data: [2.726723855552708, 0.14275873199133837, 0.512, 29.0]"
1698859280.2253172,"layout: 
  dim: []
  data_offset: 0
data: [2.728097332326862, 0.14309572093901912, 0.513, 29.0]"
1698859280.2725513,"layout: 
  dim: []
  data_offset: 0
data: [2.729133820153336, 0.14480618666085365, 0.514, 29.0]"
1698859280.3143322,"layout: 
  dim: []
  data_offset: 0
data: [2.7305072969274904, 0.14514317560853418, 0.514, 29.0]"
1698859280.36461,"layout: 
  dim: []
  data_offset: 0
data: [2.732399017614881, 0.14633539741713175, 0.516, 30.0]"
1698859280.410978,"layout: 
  dim: []
  data_offset: 0
data: [2.73480898221551, 0.14838285208664703, 0.517, 30.0]"
1698859280.4625814,"layout: 
  dim: []
  data_offset: 0
data: [2.738074179677055, 0.14991206284292535, 0.519, 30.0]"
1698859280.5020437,"layout: 
  dim: []
  data_offset: 0
data: [2.7423758649650747, 0.15315173932103798, 0.521, 30.0]"
1698859280.5522978,"layout: 
  dim: []
  data_offset: 0
data: [2.747532783114011, 0.15587317188591432, 0.524, 30.0]"
1698859280.6010015,"layout: 
  dim: []
  data_offset: 0
data: [2.7532079451761846, 0.15944983731170748, 0.527, 30.0]"
1698859280.6446195,"layout: 
  dim: []
  data_offset: 0
data: [2.757509630464204, 0.16268951378982033, 0.529, 30.0]"
1698859280.6951277,"layout: 
  dim: []
  data_offset: 0
data: [2.7631847925263773, 0.1662661792156137, 0.533, 31.0]"
1698859280.7416728,"layout: 
  dim: []
  data_offset: 0
data: [2.7707516752759425, 0.17103506645000466, 0.538, 31.0]"
1698859280.7909234,"layout: 
  dim: []
  data_offset: 0
data: [2.7807285226261356, 0.17785140835391078, 0.544, 31.0]"
1698859280.8332574,"layout: 
  dim: []
  data_offset: 0
data: [2.7896688821498543, 0.18295728453598237, 0.549, 31.0]"
1698859280.8815825,"layout: 
  dim: []
  data_offset: 0
data: [2.7996457295000474, 0.1897736264398886, 0.556, 32.0]"
1698859280.9210792,"layout: 
  dim: []
  data_offset: 0
data: [2.807212612249612, 0.19454251367427977, 0.56, 32.0]"
1698859280.970619,"layout: 
  dim: []
  data_offset: 0
data: [2.81392426213826, 0.1998296448219078, 0.565, 32.0]"
1698859281.0267951,"layout: 
  dim: []
  data_offset: 0
data: [2.820635912026907, 0.2051167759695357, 0.569, 33.0]"
1698859281.069693,"layout: 
  dim: []
  data_offset: 0
data: [2.8263110740890807, 0.20869344139532942, 0.573, 33.0]"
1698859281.1110806,"layout: 
  dim: []
  data_offset: 0
data: [2.8349144446651193, 0.21517279435155512, 0.579, 33.0]"
1698859281.1666398,"layout: 
  dim: []
  data_offset: 0
data: [2.8443730481020757, 0.22113390339454364, 0.584, 33.0]"
1698859281.229603,"layout: 
  dim: []
  data_offset: 0
data: [2.8538316515390316, 0.2270950124375326, 0.589, 34.0]"
1698859281.2585971,"layout: 
  dim: []
  data_offset: 0
data: [2.8595068136012047, 0.2306716778633261, 0.592, 34.0]"
1698859281.3133674,"layout: 
  dim: []
  data_offset: 0
data: [2.8665554524375327, 0.2345853322367999, 0.596, 34.0]"
1698859281.3532164,"layout: 
  dim: []
  data_offset: 0
data: [2.8708571377255523, 0.23782500871491274, 0.599, 34.0]"
1698859281.3941832,"layout: 
  dim: []
  data_offset: 0
data: [2.8746405791003347, 0.24020945233210844, 0.601, 34.0]"
1698859281.4409227,"layout: 
  dim: []
  data_offset: 0
data: [2.8797974972492715, 0.24293088489698433, 0.605, 35.0]"
1698859281.4905264,"layout: 
  dim: []
  data_offset: 0
data: [2.887364379998836, 0.24769977213137528, 0.609, 35.0]"
1698859281.5318534,"layout: 
  dim: []
  data_offset: 0
data: [2.8930395420610098, 0.2512764375571688, 0.613, 35.0]"
1698859281.5780098,"layout: 
  dim: []
  data_offset: 0
data: [2.8978594712622656, 0.255371346896199, 0.617, 35.0]"
1698859281.6249478,"layout: 
  dim: []
  data_offset: 0
data: [2.9040528772376764, 0.25980324518290976, 0.622, 36.0]"
1698859281.6730163,"layout: 
  dim: []
  data_offset: 0
data: [2.910246283213087, 0.2642351434696204, 0.627, 36.0]"
1698859281.7224693,"layout: 
  dim: []
  data_offset: 0
data: [2.9174761770149717, 0.2703775074781657, 0.633, 36.0]"
1698859281.7676976,"layout: 
  dim: []
  data_offset: 0
data: [2.923669582990382, 0.27480940576487645, 0.638, 37.0]"
1698859281.818735,"layout: 
  dim: []
  data_offset: 0
data: [2.9314177207055034, 0.2818070026343391, 0.647, 37.0]"
1698859281.865375,"layout: 
  dim: []
  data_offset: 0
data: [2.9391658584206244, 0.288804599503802, 0.657, 38.0]"
1698859281.909544,"layout: 
  dim: []
  data_offset: 0
data: [2.944504031535118, 0.2937547417037495, 0.663, 38.0]"
1698859281.9567373,"layout: 
  dim: []
  data_offset: 0
data: [2.949505215701931, 0.3000783606778513, 0.669, 38.0]"
1698859282.000393,"layout: 
  dim: []
  data_offset: 0
data: [2.9553616327296606, 0.3058837357387164, 0.675, 39.0]"
1698859282.056343,"layout: 
  dim: []
  data_offset: 0
data: [2.9612180497573912, 0.31168911079958106, 0.681, 39.0]"
1698859282.0990882,"layout: 
  dim: []
  data_offset: 0
data: [2.9657009900109665, 0.31715749691276585, 0.686, 39.0]"
1698859282.1448636,"layout: 
  dim: []
  data_offset: 0
data: [2.9707021741777795, 0.3234811158868677, 0.692, 40.0]"
1698859282.1947632,"layout: 
  dim: []
  data_offset: 0
data: [2.9765585912055097, 0.32928649094773255, 0.697, 40.0]"
1698859282.244073,"layout: 
  dim: []
  data_offset: 0
data: [2.9815597753723226, 0.3356101099218344, 0.703, 40.0]"
1698859282.299004,"layout: 
  dim: []
  data_offset: 0
data: [2.985524471712661, 0.3402232631741018, 0.707, 41.0]"
1698859282.339389,"layout: 
  dim: []
  data_offset: 0
data: [2.9908626448271542, 0.3451734053740493, 0.711, 41.0]"
1698859282.3846943,"layout: 
  dim: []
  data_offset: 0
data: [2.9948273411674933, 0.34978655862631647, 0.715, 41.0]"
1698859282.425471,"layout: 
  dim: []
  data_offset: 0
data: [2.9986107825422756, 0.35217100224351217, 0.718, 41.0]"
1698859282.4760375,"layout: 
  dim: []
  data_offset: 0
data: [3.003948955656769, 0.35712114444345977, 0.722, 41.0]"
1698859282.522742,"layout: 
  dim: []
  data_offset: 0
data: [3.0092871287712617, 0.36207128664340726, 0.726, 42.0]"
1698859282.5785456,"layout: 
  dim: []
  data_offset: 0
data: [3.0141070579725184, 0.3661661959824375, 0.729, 42.0]"
1698859282.6149807,"layout: 
  dim: []
  data_offset: 0
data: [3.0170352664863835, 0.36906888351287015, 0.731, 42.0]"
1698859282.6626024,"layout: 
  dim: []
  data_offset: 0
data: [3.020300463947929, 0.370598094269148, 0.733, 42.0]"
1698859282.7108712,"layout: 
  dim: []
  data_offset: 0
data: [3.0232286724617943, 0.3735007817995807, 0.735, 42.0]"
1698859282.752274,"layout: 
  dim: []
  data_offset: 0
data: [3.028385590610731, 0.3762222143644566, 0.737, 42.0]"
1698859282.801097,"layout: 
  dim: []
  data_offset: 0
data: [3.0364707172735326, 0.3818463344597651, 0.741, 42.0]"
1698859282.8436196,"layout: 
  dim: []
  data_offset: 0
data: [3.0440376000230973, 0.3866152216941561, 0.748, 43.0]"
1698859282.890668,"layout: 
  dim: []
  data_offset: 0
data: [3.0502310059985076, 0.39104711998086683, 0.752, 43.0]"
1698859282.9381316,"layout: 
  dim: []
  data_offset: 0
data: [3.0591713655222272, 0.3961529961629382, 0.755, 43.0]"
1698859282.9869795,"layout: 
  dim: []
  data_offset: 0
data: [3.0658830154108743, 0.40144012731056655, 0.758, 43.0]"
1698859283.030507,"layout: 
  dim: []
  data_offset: 0
data: [3.072931654247202, 0.40535378168404024, 0.761, 44.0]"
1698859283.0878599,"layout: 
  dim: []
  data_offset: 0
data: [3.078606816309376, 0.4089304471098334, 0.764, 44.0]"
1698859283.1400342,"layout: 
  dim: []
  data_offset: 0
data: [3.0829085015973954, 0.41217012358794625, 0.766, 44.0]"
1698859283.1721058,"layout: 
  dim: []
  data_offset: 0
data: [3.0880654197463318, 0.41489155615282236, 0.769, 44.0]"
1698859283.2256544,"layout: 
  dim: []
  data_offset: 0
data: [3.092885348947588, 0.4189864654918526, 0.772, 44.0]"
1698859283.2802587,"layout: 
  dim: []
  data_offset: 0
data: [3.0971870342356076, 0.42222614196996566, 0.774, 44.0]"
1698859283.319348,"layout: 
  dim: []
  data_offset: 0
data: [3.10097047561039, 0.42461058558716114, 0.776, 44.0]"
1698859283.3679395,"layout: 
  dim: []
  data_offset: 0
data: [3.1047539169851723, 0.42699502920435684, 0.778, 45.0]"
1698859283.4153662,"layout: 
  dim: []
  data_offset: 0
data: [3.1080191144467175, 0.4285242399606347, 0.78, 45.0]"
1698859283.4576037,"layout: 
  dim: []
  data_offset: 0
data: [3.112839043647974, 0.43261914929966516, 0.783, 45.0]"
1698859283.5016148,"layout: 
  dim: []
  data_offset: 0
data: [3.1190324496233846, 0.4370510475863757, 0.787, 45.0]"
1698859283.5545857,"layout: 
  dim: []
  data_offset: 0
data: [3.125744099512032, 0.44233817873400394, 0.791, 45.0]"
1698859283.6001506,"layout: 
  dim: []
  data_offset: 0
data: [3.130045784800051, 0.4455778552121168, 0.793, 45.0]"
1698859283.6414094,"layout: 
  dim: []
  data_offset: 0
data: [3.1329739933139162, 0.44848054274254945, 0.795, 46.0]"
1698859283.6901822,"layout: 
  dim: []
  data_offset: 0
data: [3.1353839579145446, 0.4505279974120643, 0.797, 46.0]"
1698859283.740688,"layout: 
  dim: []
  data_offset: 0
data: [3.1369386896542553, 0.4530936959948163, 0.799, 46.0]"
1698859283.7817006,"layout: 
  dim: []
  data_offset: 0
data: [3.139011665307203, 0.4565146274384857, 0.801, 46.0]"
1698859283.8334599,"layout: 
  dim: []
  data_offset: 0
data: [3.142458117734305, 0.46027254782983573, 0.804, 46.0]"
1698859283.8807971,"layout: 
  dim: []
  data_offset: 0
data: [3.1484957897275914, 0.4683066325257722, 0.809, 46.0]"
1698859283.9226263,"layout: 
  dim: []
  data_offset: 0
data: [3.1534969738944043, 0.47463025149987415, 0.814, 47.0]"
1698859283.9711847,"layout: 
  dim: []
  data_offset: 0
data: [3.160389878748608, 0.48214609228257366, 0.819, 47.0]"
1698859284.0211587,"layout: 
  dim: []
  data_offset: 0
data: [3.1659093068286577, 0.4893249441175931, 0.823, 47.0]"
1698859284.0648704,"layout: 
  dim: []
  data_offset: 0
data: [3.1698740031689967, 0.4939380973698603, 0.826, 47.0]"
1698859284.1111245,"layout: 
  dim: []
  data_offset: 0
data: [3.175730420196727, 0.49974347243072514, 0.83, 48.0]"
1698859284.163701,"layout: 
  dim: []
  data_offset: 0
data: [3.1807316043635394, 0.506067091404827, 0.833, 48.0]"
1698859284.2177875,"layout: 
  dim: []
  data_offset: 0
data: [3.18658802139127, 0.511872466465692, 0.837, 48.0]"
1698859284.2580884,"layout: 
  dim: []
  data_offset: 0
data: [3.191070961644846, 0.5173408525788764, 0.84, 48.0]"
1698859284.304795,"layout: 
  dim: []
  data_offset: 0
data: [3.195553901898421, 0.5228092386920611, 0.843, 48.0]"
1698859284.3608246,"layout: 
  dim: []
  data_offset: 0
data: [3.201410318926152, 0.528614613752926, 0.846, 48.0]"
1698859284.3922355,"layout: 
  dim: []
  data_offset: 0
data: [3.2048567713532536, 0.5323725341442759, 0.848, 49.0]"
1698859284.4423985,"layout: 
  dim: []
  data_offset: 0
data: [3.20967670055451, 0.5364674434833062, 0.851, 49.0]"
1698859284.4968743,"layout: 
  dim: []
  data_offset: 0
data: [3.214159640808086, 0.5419358295964904, 0.853, 49.0]"
1698859284.5373523,"layout: 
  dim: []
  data_offset: 0
data: [3.2184613260961052, 0.5451755060746036, 0.855, 49.0]"
1698859284.582728,"layout: 
  dim: []
  data_offset: 0
data: [3.222944266349681, 0.550643892187788, 0.857, 49.0]"
1698859284.632191,"layout: 
  dim: []
  data_offset: 0
data: [3.2288006833774108, 0.556449267248653, 0.86, 49.0]"
1698859284.6852372,"layout: 
  dim: []
  data_offset: 0
data: [3.2360305771792954, 0.5625916312571982, 0.863, 49.0]"
1698859284.7230735,"layout: 
  dim: []
  data_offset: 0
data: [3.2408505063805517, 0.5666865405962287, 0.866, 50.0]"
1698859284.7709236,"layout: 
  dim: []
  data_offset: 0
data: [3.246188679495045, 0.5716366827961762, 0.869, 50.0]"
1698859284.820494,"layout: 
  dim: []
  data_offset: 0
data: [3.248598644095673, 0.5736841374656914, 0.87, 50.0]"
1698859284.866756,"layout: 
  dim: []
  data_offset: 0
data: [3.24911688800891, 0.5745393703266086, 0.87, 50.0]"
1698859284.9105103,"layout: 
  dim: []
  data_offset: 0
data: [3.24911688800891, 0.5745393703266086, 0.87, 50.0]"
1698859284.966599,"layout: 
  dim: []
  data_offset: 0
data: [3.250671619748621, 0.5771050689093608, 0.872, 50.0]"
1698859285.0054288,"layout: 
  dim: []
  data_offset: 0
data: [3.2535998282624856, 0.5800077564397934, 0.874, 50.0]"
1698859285.0545537,"layout: 
  dim: []
  data_offset: 0
data: [3.258938001376979, 0.5849578986397409, 0.878, 50.0]"
1698859285.0936716,"layout: 
  dim: []
  data_offset: 0
data: [3.262902697717318, 0.589571051892008, 0.881, 50.0]"
1698859285.1409857,"layout: 
  dim: []
  data_offset: 0
data: [3.2679038818841306, 0.5958946708661099, 0.887, 51.0]"
1698859285.190563,"layout: 
  dim: []
  data_offset: 0
data: [3.2718685782244696, 0.6005078241183772, 0.892, 51.0]"
1698859285.238674,"layout: 
  dim: []
  data_offset: 0
data: [3.2763515184780454, 0.6059762102315617, 0.898, 51.0]"
1698859285.2818165,"layout: 
  dim: []
  data_offset: 0
data: [3.281352702644858, 0.6122998292056635, 0.904, 52.0]"
1698859285.3324056,"layout: 
  dim: []
  data_offset: 0
data: [3.285317398985197, 0.6169129824579307, 0.909, 52.0]"
1698859285.3787057,"layout: 
  dim: []
  data_offset: 0
data: [3.290836827065246, 0.62409183429295, 0.915, 52.0]"
1698859285.4229329,"layout: 
  dim: []
  data_offset: 0
data: [3.2982479758326875, 0.6324629079365668, 0.923, 53.0]"
1698859285.4714572,"layout: 
  dim: []
  data_offset: 0
data: [3.305322135652448, 0.6422074583543382, 0.93, 53.0]"
1698859285.5203593,"layout: 
  dim: []
  data_offset: 0
data: [3.313432783298682, 0.6536624744939443, 0.938, 54.0]"
1698859285.5702229,"layout: 
  dim: []
  data_offset: 0
data: [3.320506943118443, 0.6634070249117152, 0.944, 54.0]"
1698859285.610609,"layout: 
  dim: []
  data_offset: 0
data: [3.3241346505111014, 0.669393654938137, 0.949, 54.0]"
1698859285.6584198,"layout: 
  dim: []
  data_offset: 0
data: [3.3287988457302338, 0.677090750686393, 0.954, 55.0]"
1698859285.7057354,"layout: 
  dim: []
  data_offset: 0
data: [3.3338000298970463, 0.6834143696604951, 0.96, 55.0]"
1698859285.754616,"layout: 
  dim: []
  data_offset: 0
data: [3.3384642251161787, 0.6911114654087513, 0.965, 55.0]"
1698859285.799356,"layout: 
  dim: []
  data_offset: 0
data: [3.3439836531962284, 0.6982903172437704, 0.97, 56.0]"
1698859285.8437626,"layout: 
  dim: []
  data_offset: 0
data: [3.3515760569292254, 0.708890100522459, 0.979, 56.0]"
1698859285.891709,"layout: 
  dim: []
  data_offset: 0
data: [3.357276739974832, 0.7182976619925501, 0.985, 56.0]"
1698859285.9412544,"layout: 
  dim: []
  data_offset: 0
data: [3.3648691437078293, 0.7288974452712385, 0.993, 57.0]"
1698859285.9854748,"layout: 
  dim: []
  data_offset: 0
data: [3.372461547440827, 0.739497228549927, 0.999, 57.0]"
1698859286.0387287,"layout: 
  dim: []
  data_offset: 0
data: [3.3790174633473504, 0.7483865461067811, 1.005, 58.0]"
1698859286.0813146,"layout: 
  dim: []
  data_offset: 0
data: [3.3841999024797196, 0.7569388747159547, 1.009, 58.0]"
1698859286.1283705,"layout: 
  dim: []
  data_offset: 0
data: [3.387827609872378, 0.7629255047423762, 1.013, 58.0]"
1698859286.177845,"layout: 
  dim: []
  data_offset: 0
data: [3.392310550125954, 0.7683938908555608, 1.016, 58.0]"
1698859286.223721,"layout: 
  dim: []
  data_offset: 0
data: [3.395420013605375, 0.7735252880210648, 1.02, 58.0]"
1698859286.2709064,"layout: 
  dim: []
  data_offset: 0
data: [3.398529477084797, 0.7786566851865688, 1.023, 59.0]"
1698859286.3195875,"layout: 
  dim: []
  data_offset: 0
data: [3.4021571844774554, 0.7846433152129904, 1.026, 59.0]"
1698859286.3639321,"layout: 
  dim: []
  data_offset: 0
data: [3.4038931711827227, 0.7894377234308141, 1.028, 59.0]"
1698859286.414589,"layout: 
  dim: []
  data_offset: 0
data: [3.4054479029224334, 0.7920034220135661, 1.03, 59.0]"
1698859286.4572084,"layout: 
  dim: []
  data_offset: 0
data: [3.407520878575381, 0.7954243534572356, 1.033, 59.0]"
1698859286.5107605,"layout: 
  dim: []
  data_offset: 0
data: [3.410630342054803, 0.8005557506227396, 1.037, 59.0]"
1698859286.5518813,"layout: 
  dim: []
  data_offset: 0
data: [3.4142580494474615, 0.8065423806491612, 1.041, 60.0]"
1698859286.597514,"layout: 
  dim: []
  data_offset: 0
data: [3.418067011805676, 0.814757720310654, 1.045, 60.0]"
1698859286.6482792,"layout: 
  dim: []
  data_offset: 0
data: [3.4363102407842274, 0.8294268919449403, 1.045, 60.0]"
1698859286.6918814,"layout: 
  dim: []
  data_offset: 0
data: [3.442166657811957, 0.8352322670058052, 1.046, 60.0]"
1698859286.7386363,"layout: 
  dim: []
  data_offset: 0
data: [3.4450948663258227, 0.8381349545362378, 1.047, 60.0]"
1698859286.7876782,"layout: 
  dim: []
  data_offset: 0
data: [3.4485413187529246, 0.8418928749275876, 1.049, 60.0]"
1698859286.8309464,"layout: 
  dim: []
  data_offset: 0
data: [3.4506142944058724, 0.8453138063712571, 1.052, 60.0]"
1698859286.8828857,"layout: 
  dim: []
  data_offset: 0
data: [3.457507199260076, 0.8528296471539569, 1.056, 61.0]"
1698859286.9254823,"layout: 
  dim: []
  data_offset: 0
data: [3.4589061970176633, 0.8589975321459347, 1.06, 61.0]"
1698859286.9731867,"layout: 
  dim: []
  data_offset: 0
data: [3.447063149963512, 0.8568198644777283, 1.067, 61.0]"
1698859287.0176742,"layout: 
  dim: []
  data_offset: 0
data: [3.4444974513807596, 0.858374596217439, 1.071, 61.0]"
1698859287.0646808,"layout: 
  dim: []
  data_offset: 0
data: [3.454318564748829, 0.8687931245305711, 1.074, 62.0]"
1698859287.1122625,"layout: 
  dim: []
  data_offset: 0
data: [3.4536445868534678, 0.8715400780788798, 1.079, 62.0]"
1698859287.1705825,"layout: 
  dim: []
  data_offset: 0
data: [3.463465700221537, 0.881958606392012, 1.082, 62.0]"
1698859287.2112708,"layout: 
  dim: []
  data_offset: 0
data: [3.4605630126911042, 0.8848868149058768, 1.088, 62.0]"
1698859287.2562304,"layout: 
  dim: []
  data_offset: 0
data: [3.4643719750493194, 0.8931021545673701, 1.092, 63.0]"
1698859287.307978,"layout: 
  dim: []
  data_offset: 0
data: [3.46714444958106, 0.8996070285070286, 1.096, 63.0]"
1698859287.3669527,"layout: 
  dim: []
  data_offset: 0
data: [3.470435168026038, 0.9069671353076041, 1.1, 63.0]"
1698859287.3941112,"layout: 
  dim: []
  data_offset: 0
data: [3.4737258864710165, 0.9143272421081798, 1.106, 63.0]"
1698859287.4467795,"layout: 
  dim: []
  data_offset: 0
data: [3.4777161037947875, 0.9247712914047446, 1.112, 64.0]"
1698859287.4988792,"layout: 
  dim: []
  data_offset: 0
data: [3.4820433100662393, 0.9338418639271551, 1.118, 64.0]"
1698859287.5512798,"layout: 
  dim: []
  data_offset: 0
data: [3.4865517713032483, 0.9451411460846371, 1.126, 65.0]"
1698859287.5858111,"layout: 
  dim: []
  data_offset: 0
data: [3.490204999679339, 0.956958672155356, 1.133, 65.0]"
1698859287.6310837,"layout: 
  dim: []
  data_offset: 0
data: [3.493676973089874, 0.9665474885910035, 1.14, 65.0]"
1698859287.6716778,"layout: 
  dim: []
  data_offset: 0
data: [3.495075970847461, 0.9727153735829812, 1.144, 66.0]"
1698859287.7220547,"layout: 
  dim: []
  data_offset: 0
data: [3.4969932125182845, 0.9797384914358769, 1.148, 66.0]"
1698859287.7785816,"layout: 
  dim: []
  data_offset: 0
data: [3.4973557224493974, 0.9841959107060199, 1.151, 66.0]"
1698859287.821431,"layout: 
  dim: []
  data_offset: 0
data: [3.4990917091546647, 0.9889903189238436, 1.155, 66.0]"
1698859287.8658886,"layout: 
  dim: []
  data_offset: 0
data: [3.4999724629990148, 0.9943029710549043, 1.158, 66.0]"
1698859287.9120522,"layout: 
  dim: []
  data_offset: 0
data: [3.502926192496312, 1.003036554629634, 1.164, 67.0]"
1698859287.9645028,"layout: 
  dim: []
  data_offset: 0
data: [3.5055429330459296, 1.0131436149785185, 1.17, 67.0]"
1698859288.0029643,"layout: 
  dim: []
  data_offset: 0
data: [3.5074601747167535, 1.020166732831414, 1.174, 67.0]"
1698859288.0590234,"layout: 
  dim: []
  data_offset: 0
data: [3.5098956603008142, 1.0280450835452266, 1.178, 67.0]"
1698859288.1058047,"layout: 
  dim: []
  data_offset: 0
data: [3.513186378745792, 1.0354051903458021, 1.183, 68.0]"
1698859288.1449356,"layout: 
  dim: []
  data_offset: 0
data: [3.514585376503379, 1.0415730753377803, 1.186, 68.0]"
1698859288.1946,"layout: 
  dim: []
  data_offset: 0
data: [3.516502618174203, 1.0485961931906755, 1.191, 68.0]"
1698859288.2413747,"layout: 
  dim: []
  data_offset: 0
data: [3.520311580532417, 1.0568115328521686, 1.196, 69.0]"
1698859288.2803357,"layout: 
  dim: []
  data_offset: 0
data: [3.523265310029715, 1.0655451164268985, 1.201, 69.0]"
1698859288.330936,"layout: 
  dim: []
  data_offset: 0
data: [3.5269185384058064, 1.0773626424976177, 1.207, 69.0]"
1698859288.3811522,"layout: 
  dim: []
  data_offset: 0
data: [3.53005352286866, 1.0883249357074194, 1.213, 69.0]"
1698859288.434803,"layout: 
  dim: []
  data_offset: 0
data: [3.533007252365958, 1.0970585192821491, 1.217, 70.0]"
1698859288.4696066,"layout: 
  dim: []
  data_offset: 0
data: [3.5342249951579885, 1.1009976946390556, 1.22, 70.0]"
1698859288.5234768,"layout: 
  dim: []
  data_offset: 0
data: [3.5369974696897297, 1.1075025685787139, 1.224, 70.0]"
1698859288.5651367,"layout: 
  dim: []
  data_offset: 0
data: [3.5394329552737904, 1.1153809192925266, 1.23, 70.0]"
1698859288.6107328,"layout: 
  dim: []
  data_offset: 0
data: [3.542386684771088, 1.1241145028672568, 1.235, 71.0]"
1698859288.6644654,"layout: 
  dim: []
  data_offset: 0
data: [3.544640915389592, 1.1297641439459978, 1.243, 71.0]"
1698859288.7072504,"layout: 
  dim: []
  data_offset: 0
data: [3.5467138910425398, 1.133185075389667, 1.246, 71.0]"
1698859288.7526457,"layout: 
  dim: []
  data_offset: 0
data: [3.5468951460080964, 1.1354137850247388, 1.248, 72.0]"
1698859288.7994,"layout: 
  dim: []
  data_offset: 0
data: [3.547413389921333, 1.136269017885656, 1.249, 72.0]"
1698859288.8454444,"layout: 
  dim: []
  data_offset: 0
data: [3.5489681216610443, 1.1388347164684083, 1.251, 72.0]"
1698859288.890419,"layout: 
  dim: []
  data_offset: 0
data: [3.550367119418631, 1.145002601460386, 1.257, 72.0]"
1698859288.9418442,"layout: 
  dim: []
  data_offset: 0
data: [3.5522843610894546, 1.1520257193132812, 1.261, 72.0]"
1698859288.9858618,"layout: 
  dim: []
  data_offset: 0
data: [3.555756334499989, 1.1616145357489287, 1.267, 73.0]"
1698859289.0318058,"layout: 
  dim: []
  data_offset: 0
data: [3.5580105651184932, 1.16726417682767, 1.27, 73.0]"
1698859289.0797138,"layout: 
  dim: []
  data_offset: 0
data: [3.559927806789317, 1.174287294680565, 1.275, 73.0]"
1698859289.1295853,"layout: 
  dim: []
  data_offset: 0
data: [3.5670019666090775, 1.1840318450983363, 1.285, 74.0]"
1698859289.171283,"layout: 
  dim: []
  data_offset: 0
data: [3.569100463245458, 1.1932836725863034, 1.29, 74.0]"
1698859289.2205129,"layout: 
  dim: []
  data_offset: 0
data: [3.5720541927427556, 1.2020172561610332, 1.298, 74.0]"
1698859289.2685788,"layout: 
  dim: []
  data_offset: 0
data: [3.57518917720561, 1.212979549370835, 1.306, 75.0]"
1698859289.3155246,"layout: 
  dim: []
  data_offset: 0
data: [3.5774689288075465, 1.2244600864938735, 1.314, 75.0]"
1698859289.3643126,"layout: 
  dim: []
  data_offset: 0
data: [3.579230436496246, 1.2350853907559947, 1.321, 76.0]"
1698859289.4108443,"layout: 
  dim: []
  data_offset: 0
data: [3.5797742013929157, 1.2417715196612096, 1.324, 76.0]"
1698859289.459322,"layout: 
  dim: []
  data_offset: 0
data: [3.580317966289585, 1.2484576485664245, 1.329, 76.0]"
1698859289.5007527,"layout: 
  dim: []
  data_offset: 0
data: [3.580187753290894, 1.257890731019948, 1.335, 76.0]"
1698859289.5507574,"layout: 
  dim: []
  data_offset: 0
data: [3.581431017066357, 1.267660802421152, 1.341, 77.0]"
1698859289.5994112,"layout: 
  dim: []
  data_offset: 0
data: [3.581119549102109, 1.2748651752396039, 1.346, 77.0]"
1698859289.6407022,"layout: 
  dim: []
  data_offset: 0
data: [3.5818445689643355, 1.2837800137798903, 1.35, 77.0]"
1698859289.694906,"layout: 
  dim: []
  data_offset: 0
data: [3.582388333861005, 1.290466142685105, 1.354, 78.0]"
1698859289.7470145,"layout: 
  dim: []
  data_offset: 0
data: [3.583606076653035, 1.2944053180420116, 1.356, 78.0]"
1698859289.781236,"layout: 
  dim: []
  data_offset: 0
data: [3.583631597636468, 1.3002362140863089, 1.36, 78.0]"
1698859289.8314524,"layout: 
  dim: []
  data_offset: 0
data: [3.585211850359611, 1.3086328087133585, 1.363, 78.0]"
1698859289.879384,"layout: 
  dim: []
  data_offset: 0
data: [3.586273859169517, 1.3161741704794907, 1.367, 78.0]"
1698859289.926559,"layout: 
  dim: []
  data_offset: 0
data: [3.5883723558058973, 1.3254259979674579, 1.371, 79.0]"
1698859289.977638,"layout: 
  dim: []
  data_offset: 0
data: [3.589097375668124, 1.3343408365077443, 1.375, 79.0]"
1698859290.0222971,"layout: 
  dim: []
  data_offset: 0
data: [3.59015938447803, 1.3418821982738762, 1.378, 79.0]"
1698859290.0615404,"layout: 
  dim: []
  data_offset: 0
data: [3.591558382235617, 1.3480500832658544, 1.38, 79.0]"
1698859290.1139731,"layout: 
  dim: []
  data_offset: 0
data: [3.59313863495876, 1.356446677892904, 1.383, 79.0]"
1698859290.1643312,"layout: 
  dim: []
  data_offset: 0
data: [3.5942006437686667, 1.3639880396590363, 1.386, 79.0]"
1698859290.2095854,"layout: 
  dim: []
  data_offset: 0
data: [3.5955996415262534, 1.3701559246510142, 1.389, 80.0]"
1698859290.2504826,"layout: 
  dim: []
  data_offset: 0
data: [3.596842905301717, 1.3799259960522179, 1.393, 80.0]"
1698859290.300573,"layout: 
  dim: []
  data_offset: 0
data: [3.598941401938097, 1.389177823540185, 1.397, 80.0]"
1698859290.3508074,"layout: 
  dim: []
  data_offset: 0
data: [3.6000034107480037, 1.3967191853063172, 1.401, 80.0]"
1698859290.3908572,"layout: 
  dim: []
  data_offset: 0
data: [3.60228316234994, 1.4081997224293556, 1.407, 81.0]"
1698859290.4403226,"layout: 
  dim: []
  data_offset: 0
data: [3.6045629139518764, 1.4196802595523943, 1.412, 81.0]"
1698859290.4945564,"layout: 
  dim: []
  data_offset: 0
data: [3.6063244216405765, 1.4303055638145155, 1.418, 81.0]"
1698859290.5339499,"layout: 
  dim: []
  data_offset: 0
data: [3.6084229182769567, 1.4395573913024824, 1.422, 81.0]"
1698859290.5832794,"layout: 
  dim: []
  data_offset: 0
data: [3.60966618205242, 1.449327462703686, 1.426, 82.0]"
1698859290.6419077,"layout: 
  dim: []
  data_offset: 0
data: [3.6115834237232436, 1.4563505805565817, 1.429, 82.0]"
1698859290.6789994,"layout: 
  dim: []
  data_offset: 0
data: [3.6119459336543565, 1.460807999826725, 1.431, 82.0]"
1698859290.7270281,"layout: 
  dim: []
  data_offset: 0
data: [3.612826687498706, 1.4661206519577854, 1.434, 82.0]"
1698859290.772675,"layout: 
  dim: []
  data_offset: 0
data: [3.614562674203974, 1.4709150601756096, 1.437, 82.0]"
1698859290.818382,"layout: 
  dim: []
  data_offset: 0
data: [3.614925184135087, 1.4753724794457526, 1.439, 82.0]"
1698859290.8645177,"layout: 
  dim: []
  data_offset: 0
data: [3.6159871929449934, 1.4829138412118847, 1.444, 83.0]"
1698859290.9109235,"layout: 
  dim: []
  data_offset: 0
data: [3.6175674456681364, 1.4913104358389342, 1.448, 83.0]"
1698859290.9688337,"layout: 
  dim: []
  data_offset: 0
data: [3.619484687338961, 1.4983335536918296, 1.452, 83.0]"
1698859291.0072176,"layout: 
  dim: []
  data_offset: 0
data: [3.620184186217754, 1.5014174961878184, 1.458, 84.0]"
1698859291.058756,"layout: 
  dim: []
  data_offset: 0
data: [3.6214019290097843, 1.505356671544725, 1.463, 84.0]"
1698859291.127946,"layout: 
  dim: []
  data_offset: 0
data: [3.6215831839753405, 1.5075853811797963, 1.466, 84.0]"
1698859291.1626143,"layout: 
  dim: []
  data_offset: 0
data: [3.6216087049587733, 1.5134162772240942, 1.47, 84.0]"
1698859291.194395,"layout: 
  dim: []
  data_offset: 0
data: [3.622333724820999, 1.5223311157643808, 1.476, 85.0]"
1698859291.2363367,"layout: 
  dim: []
  data_offset: 0
data: [3.6225660217534212, 1.5362216174880474, 1.486, 85.0]"
1698859291.2986472,"layout: 
  dim: []
  data_offset: 0
data: [3.6221243407904815, 1.5528590727600227, 1.496, 86.0]"
1698859291.350499,"layout: 
  dim: []
  data_offset: 0
data: [3.622175382757347, 1.5645208648486177, 1.503, 86.0]"
1698859291.4130595,"layout: 
  dim: []
  data_offset: 0
data: [3.620515959002377, 1.5772191447636865, 1.512, 87.0]"
1698859291.4209197,"layout: 
  dim: []
  data_offset: 0
data: [3.619193524195088, 1.588543947904601, 1.519, 87.0]"
1698859291.482589,"layout: 
  dim: []
  data_offset: 0
data: [3.617689834422243, 1.5976400414104441, 1.525, 87.0]"
1698859291.5185194,"layout: 
  dim: []
  data_offset: 0
data: [3.616341878631521, 1.6031339485070613, 1.529, 88.0]"
1698859291.560878,"layout: 
  dim: []
  data_offset: 0
data: [3.615512166754036, 1.6094830884645956, 1.533, 88.0]"
1698859291.6104922,"layout: 
  dim: []
  data_offset: 0
data: [3.6146824548765513, 1.61583222842213, 1.537, 88.0]"
1698859291.6620884,"layout: 
  dim: []
  data_offset: 0
data: [3.6138527429990672, 1.6221813683796646, 1.541, 88.0]"
1698859291.707553,"layout: 
  dim: []
  data_offset: 0
data: [3.612686042173901, 1.6299039851113535, 1.546, 89.0]"
1698859291.7511296,"layout: 
  dim: []
  data_offset: 0
data: [3.6106641084878186, 1.6381448457562793, 1.551, 89.0]"
1698859291.8079832,"layout: 
  dim: []
  data_offset: 0
data: [3.609834396610334, 1.6444939857138137, 1.555, 89.0]"
1698859291.8513446,"layout: 
  dim: []
  data_offset: 0
data: [3.6083307068374886, 1.653590079219657, 1.56, 89.0]"
1698859291.8968992,"layout: 
  dim: []
  data_offset: 0
data: [3.6068270170646426, 1.6626861727254993, 1.566, 90.0]"
1698859291.942595,"layout: 
  dim: []
  data_offset: 0
data: [3.60446809443088, 1.6723005101445794, 1.572, 90.0]"
1698859291.987415,"layout: 
  dim: []
  data_offset: 0
data: [3.604156626466632, 1.6795048829630317, 1.577, 90.0]"
1698859292.036616,"layout: 
  dim: []
  data_offset: 0
data: [3.6029899256414666, 1.68722749969472, 1.581, 91.0]"
1698859292.0826092,"layout: 
  dim: []
  data_offset: 0
data: [3.602160213763982, 1.6935766396522545, 1.585, 91.0]"
1698859292.13038,"layout: 
  dim: []
  data_offset: 0
data: [3.6006565239911366, 1.7026727331580978, 1.59, 91.0]"
1698859292.1749356,"layout: 
  dim: []
  data_offset: 0
data: [3.5982976013573733, 1.7122870705771776, 1.596, 91.0]"
1698859292.22558,"layout: 
  dim: []
  data_offset: 0
data: [3.5964569226368472, 1.7227566408571748, 1.603, 92.0]"
1698859292.2687364,"layout: 
  dim: []
  data_offset: 0
data: [3.5952902218116822, 1.7304792575888632, 1.608, 92.0]"
1698859292.3193898,"layout: 
  dim: []
  data_offset: 0
data: [3.5934495430911557, 1.7409488278688607, 1.615, 93.0]"
1698859292.3621242,"layout: 
  dim: []
  data_offset: 0
data: [3.591090620457393, 1.750563165287941, 1.623, 93.0]"
1698859292.4104242,"layout: 
  dim: []
  data_offset: 0
data: [3.589923919632228, 1.7582857820196294, 1.63, 93.0]"
1698859292.4616528,"layout: 
  dim: []
  data_offset: 0
data: [3.5875649969984647, 1.7679001194387094, 1.638, 94.0]"
1698859292.5022447,"layout: 
  dim: []
  data_offset: 0
data: [3.5858800522600625, 1.7747675033094807, 1.643, 94.0]"
1698859292.5518262,"layout: 
  dim: []
  data_offset: 0
data: [3.5848690854170213, 1.7788879336319436, 1.649, 94.0]"
1698859292.608145,"layout: 
  dim: []
  data_offset: 0
data: [3.5845320964693412, 1.7802614104060976, 1.65, 95.0]"
1698859292.6502054,"layout: 
  dim: []
  data_offset: 0
data: [3.585050340382578, 1.7811166432670154, 1.651, 95.0]"
1698859292.6930382,"layout: 
  dim: []
  data_offset: 0
data: [3.584376362487218, 1.7838635968153236, 1.654, 95.0]"
1698859292.7445521,"layout: 
  dim: []
  data_offset: 0
data: [3.5842206285050935, 1.78746578322455, 1.657, 95.0]"
1698859292.7817996,"layout: 
  dim: []
  data_offset: 0
data: [3.583727905575289, 1.79244144640793, 1.66, 95.0]"
1698859292.8346498,"layout: 
  dim: []
  data_offset: 0
data: [3.582716938732248, 1.7965618767303928, 1.665, 95.0]"
1698859292.8800397,"layout: 
  dim: []
  data_offset: 0
data: [3.581187727975969, 1.7998270741919382, 1.669, 96.0]"
1698859292.9297583,"layout: 
  dim: []
  data_offset: 0
data: [3.580513750080608, 1.8025740277402469, 1.673, 96.0]"
1698859292.972598,"layout: 
  dim: []
  data_offset: 0
data: [3.579502783237567, 1.8066944580627093, 1.677, 96.0]"
1698859293.026781,"layout: 
  dim: []
  data_offset: 0
data: [3.578828805342207, 1.8094414116110182, 1.681, 96.0]"
1698859293.0762475,"layout: 
  dim: []
  data_offset: 0
data: [3.576288627742887, 1.8168270393950263, 1.689, 97.0]"
1698859293.1200264,"layout: 
  dim: []
  data_offset: 0
data: [3.5739297051091237, 1.8264413768141066, 1.698, 97.0]"
1698859293.162977,"layout: 
  dim: []
  data_offset: 0
data: [3.5700415717190825, 1.839320911694732, 1.709, 98.0]"
1698859293.208898,"layout: 
  dim: []
  data_offset: 0
data: [3.5659721833634848, 1.8499717369402857, 1.718, 98.0]"
1698859293.2527876,"layout: 
  dim: []
  data_offset: 0
data: [3.561902795007888, 1.8606225621858397, 1.728, 99.0]"
1698859293.309074,"layout: 
  dim: []
  data_offset: 0
data: [3.5576521516867334, 1.8690446777963219, 1.735, 99.0]"
1698859293.353413,"layout: 
  dim: []
  data_offset: 0
data: [3.5557859519827746, 1.8736833520320217, 1.74, 100.0]"
1698859293.3977375,"layout: 
  dim: []
  data_offset: 0
data: [3.553064519417899, 1.8788402701809577, 1.745, 100.0]"
1698859293.4416327,"layout: 
  dim: []
  data_offset: 0
data: [3.5513795746794967, 1.8857076540517295, 1.751, 100.0]"
1698859293.4914134,"layout: 
  dim: []
  data_offset: 0
data: [3.548839397080177, 1.893093281835738, 1.757, 101.0]"
1698859293.534548,"layout: 
  dim: []
  data_offset: 0
data: [3.5466362084285383, 1.899105432845592, 1.762, 101.0]"
1698859293.5814464,"layout: 
  dim: []
  data_offset: 0
data: [3.543759041881538, 1.9078645374037542, 1.768, 101.0]"
1698859293.631317,"layout: 
  dim: []
  data_offset: 0
data: [3.5400266424736206, 1.917141885875154, 1.773, 102.0]"
1698859293.6715214,"layout: 
  dim: []
  data_offset: 0
data: [3.537823453821982, 1.9231540368850082, 1.778, 102.0]"
1698859293.7209706,"layout: 
  dim: []
  data_offset: 0
data: [3.534428043361745, 1.931057908582253, 1.782, 102.0]"
1698859293.770923,"layout: 
  dim: []
  data_offset: 0
data: [3.5324061096756623, 1.9392987692271784, 1.788, 102.0]"
1698859293.8206444,"layout: 
  dim: []
  data_offset: 0
data: [3.5295289431286627, 1.9480578737853416, 1.792, 103.0]"
1698859293.8603408,"layout: 
  dim: []
  data_offset: 0
data: [3.5278439983902605, 1.954925257656113, 1.797, 103.0]"
1698859293.9154472,"layout: 
  dim: []
  data_offset: 0
data: [3.5253038207909406, 1.9623108854401208, 1.8, 103.0]"
1698859293.9635715,"layout: 
  dim: []
  data_offset: 0
data: [3.5241371199657756, 1.9700335021718098, 1.802, 103.0]"
1698859294.0023425,"layout: 
  dim: []
  data_offset: 0
data: [3.5219339313141367, 1.976045653181664, 1.808, 104.0]"
1698859294.0553713,"layout: 
  dim: []
  data_offset: 0
data: [3.5200932525936106, 1.986515223461661, 1.81, 104.0]"
1698859294.1008658,"layout: 
  dim: []
  data_offset: 0
data: [3.517734329959848, 1.9961295608807414, 1.816, 104.0]"
1698859294.144797,"layout: 
  dim: []
  data_offset: 0
data: [3.5162306401870023, 2.0052256543865843, 1.819, 104.0]"
1698859294.1909468,"layout: 
  dim: []
  data_offset: 0
data: [3.5140529725187957, 2.017068701440736, 1.825, 105.0]"
1698859294.240767,"layout: 
  dim: []
  data_offset: 0
data: [3.5110200719896714, 2.0294299924081245, 1.831, 105.0]"
1698859294.284522,"layout: 
  dim: []
  data_offset: 0
data: [3.5091793932691457, 2.0398995626881216, 1.837, 105.0]"
1698859294.332771,"layout: 
  dim: []
  data_offset: 0
data: [3.507001725600939, 2.051742609742273, 1.843, 106.0]"
1698859294.3867655,"layout: 
  dim: []
  data_offset: 0
data: [3.5048240579327326, 2.063585656796424, 1.848, 106.0]"
1698859294.4303918,"layout: 
  dim: []
  data_offset: 0
data: [3.503994346055248, 2.0699347967539596, 1.852, 106.0]"
1698859294.4729803,"layout: 
  dim: []
  data_offset: 0
data: [3.502309401316846, 2.076802180624731, 1.855, 106.0]"
1698859294.520514,"layout: 
  dim: []
  data_offset: 0
data: [3.5012984344738047, 2.0809226109471926, 1.858, 106.0]"
1698859294.563099,"layout: 
  dim: []
  data_offset: 0
data: [3.5001317336486393, 2.0886452276788816, 1.863, 107.0]"
1698859294.61427,"layout: 
  dim: []
  data_offset: 0
data: [3.49759155604932, 2.0960308554628906, 1.868, 107.0]"
1698859294.6601975,"layout: 
  dim: []
  data_offset: 0
data: [3.495906611310918, 2.102898239333662, 1.873, 107.0]"
1698859294.7118638,"layout: 
  dim: []
  data_offset: 0
data: [3.493366433711598, 2.11028386711767, 1.879, 108.0]"
1698859294.753543,"layout: 
  dim: []
  data_offset: 0
data: [3.4911632450599592, 2.1162960181275245, 1.884, 108.0]"
1698859294.8057256,"layout: 
  dim: []
  data_offset: 0
data: [3.487430845652042, 2.125573366598924, 1.891, 108.0]"
1698859294.852824,"layout: 
  dim: []
  data_offset: 0
data: [3.483517191278568, 2.1326220054352514, 1.898, 109.0]"
1698859294.891409,"layout: 
  dim: []
  data_offset: 0
data: [3.481650991574609, 2.137260679670951, 1.902, 109.0]"
1698859294.938409,"layout: 
  dim: []
  data_offset: 0
data: [3.4774003482534552, 2.1456827952814335, 1.91, 109.0]"
1698859294.9871202,"layout: 
  dim: []
  data_offset: 0
data: [3.4722944720713835, 2.1546231548051527, 1.919, 110.0]"
1698859295.0343235,"layout: 
  dim: []
  data_offset: 0
data: [3.46804382875023, 2.1630452704156347, 1.926, 110.0]"
1698859295.0891373,"layout: 
  dim: []
  data_offset: 0
data: [3.463611930463519, 2.169238676391045, 1.932, 111.0]"
1698859295.1291173,"layout: 
  dim: []
  data_offset: 0
data: [3.4596982760900454, 2.1762873152273725, 1.94, 111.0]"
1698859295.1808887,"layout: 
  dim: []
  data_offset: 0
data: [3.4544111449424175, 2.1829989651160204, 1.947, 112.0]"
1698859295.2308412,"layout: 
  dim: []
  data_offset: 0
data: [3.4510157344821804, 2.1909028368132657, 1.953, 112.0]"
1698859295.2745605,"layout: 
  dim: []
  data_offset: 0
data: [3.4474390690563874, 2.1965779988754397, 1.958, 112.0]"
1698859295.3204334,"layout: 
  dim: []
  data_offset: 0
data: [3.4430071707696763, 2.20277140485085, 1.963, 112.0]"
1698859295.3627036,"layout: 
  dim: []
  data_offset: 0
data: [3.4396117603094396, 2.210675276548095, 1.969, 113.0]"
1698859295.4110425,"layout: 
  dim: []
  data_offset: 0
data: [3.4345058841273683, 2.219615636071814, 1.975, 113.0]"
1698859295.4623559,"layout: 
  dim: []
  data_offset: 0
data: [3.4319657065280484, 2.2270012638558225, 1.98, 113.0]"
1698859295.5076933,"layout: 
  dim: []
  data_offset: 0
data: [3.426859830345977, 2.2359416233795417, 1.986, 114.0]"
1698859295.5588765,"layout: 
  dim: []
  data_offset: 0
data: [3.4243196527466577, 2.24332725116355, 1.989, 114.0]"
1698859295.6123824,"layout: 
  dim: []
  data_offset: 0
data: [3.4221164640950184, 2.249339402173404, 1.993, 114.0]"
1698859295.643895,"layout: 
  dim: []
  data_offset: 0
data: [3.42025026439106, 2.253978076409104, 1.995, 114.0]"
1698859295.6910613,"layout: 
  dim: []
  data_offset: 0
data: [3.4171918428785037, 2.2605084713321943, 1.998, 114.0]"
1698859295.7407055,"layout: 
  dim: []
  data_offset: 0
data: [3.414988654226865, 2.266520622342049, 2.001, 115.0]"
1698859295.780433,"layout: 
  dim: []
  data_offset: 0
data: [3.4126042106096692, 2.2703040637168312, 2.003, 115.0]"
1698859295.8276849,"layout: 
  dim: []
  data_offset: 0
data: [3.4097270440626692, 2.279063168274994, 2.007, 115.0]"
1698859295.8833516,"layout: 
  dim: []
  data_offset: 0
data: [3.404958156828278, 2.2866300510245585, 2.012, 115.0]"
1698859295.92446,"layout: 
  dim: []
  data_offset: 0
data: [3.399852280646207, 2.2955704105482777, 2.018, 116.0]"
1698859295.9739187,"layout: 
  dim: []
  data_offset: 0
data: [3.394409415516454, 2.305884246846151, 2.024, 116.0]"
1698859296.0180457,"layout: 
  dim: []
  data_offset: 0
data: [3.3904957611429802, 2.312932885682479, 2.03, 116.0]"
1698859296.0660057,"layout: 
  dim: []
  data_offset: 0
data: [3.385052896013229, 2.323246721980352, 2.036, 117.0]"
1698859296.1121612,"layout: 
  dim: []
  data_offset: 0
data: [3.3802840087788377, 2.330813604729917, 2.041, 117.0]"
1698859296.1632497,"layout: 
  dim: []
  data_offset: 0
data: [3.377225587266281, 2.337343999653008, 2.044, 117.0]"
1698859296.2058651,"layout: 
  dim: []
  data_offset: 0
data: [3.3733119328928076, 2.344392638489336, 2.048, 117.0]"
1698859296.2512827,"layout: 
  dim: []
  data_offset: 0
data: [3.369916522432571, 2.352296510186581, 2.052, 118.0]"
1698859296.3002315,"layout: 
  dim: []
  data_offset: 0
data: [3.3668581009200143, 2.358826905109672, 2.056, 118.0]"
1698859296.3576934,"layout: 
  dim: []
  data_offset: 0
data: [3.3614152357902625, 2.369140741407546, 2.063, 118.0]"
1698859296.407021,"layout: 
  dim: []
  data_offset: 0
data: [3.3580198253300253, 2.377044613104791, 2.067, 118.0]"
1698859296.4411178,"layout: 
  dim: []
  data_offset: 0
data: [3.353250938095634, 2.3846114958543554, 2.071, 119.0]"
1698859296.488603,"layout: 
  dim: []
  data_offset: 0
data: [3.350192516583078, 2.3911418907774467, 2.076, 119.0]"
1698859296.5307932,"layout: 
  dim: []
  data_offset: 0
data: [3.3471340950705217, 2.397672285700538, 2.08, 119.0]"
1698859296.5807247,"layout: 
  dim: []
  data_offset: 0
data: [3.343220440697048, 2.4047209245368655, 2.086, 120.0]"
1698859296.6318514,"layout: 
  dim: []
  data_offset: 0
data: [3.338451553462657, 2.4122878072864298, 2.092, 120.0]"
1698859296.678579,"layout: 
  dim: []
  data_offset: 0
data: [3.333345677280585, 2.421228166810149, 2.098, 120.0]"
1698859296.7228105,"layout: 
  dim: []
  data_offset: 0
data: [3.3289137789938748, 2.42742157278556, 2.104, 121.0]"
1698859296.7708938,"layout: 
  dim: []
  data_offset: 0
data: [3.3244818807071637, 2.4336149787609704, 2.11, 121.0]"
1698859296.8269074,"layout: 
  dim: []
  data_offset: 0
data: [3.321242204229051, 2.4379166640489895, 2.113, 121.0]"
1698859296.8604891,"layout: 
  dim: []
  data_offset: 0
data: [3.318002527750938, 2.4422183493370095, 2.117, 121.0]"
1698859296.9152017,"layout: 
  dim: []
  data_offset: 0
data: [3.3133893744986707, 2.446183045677348, 2.122, 122.0]"
1698859296.9611092,"layout: 
  dim: []
  data_offset: 0
data: [3.3084392322987233, 2.451521218791841, 2.127, 122.0]"
1698859297.0009644,"layout: 
  dim: []
  data_offset: 0
data: [3.3014416354292604, 2.4592693565069625, 2.136, 122.0]"
1698859297.0582602,"layout: 
  dim: []
  data_offset: 0
data: [3.291541351029365, 2.4699457027359486, 2.147, 123.0]"
1698859297.1012092,"layout: 
  dim: []
  data_offset: 0
data: [3.28164106662947, 2.480622048964935, 2.157, 124.0]"
1698859297.142055,"layout: 
  dim: []
  data_offset: 0
data: [3.2737882368990903, 2.4888884305932937, 2.165, 124.0]"
1698859297.2063248,"layout: 
  dim: []
  data_offset: 0
data: [3.2628514646727207, 2.497854311100445, 2.174, 125.0]"
1698859297.2422574,"layout: 
  dim: []
  data_offset: 0
data: [3.255853867803258, 2.5056024488155666, 2.182, 125.0]"
1698859297.2839441,"layout: 
  dim: []
  data_offset: 0
data: [3.249530248829156, 2.510603632982379, 2.188, 125.0]"
1698859297.3314438,"layout: 
  dim: []
  data_offset: 0
data: [3.242532651959693, 2.5183517706975005, 2.195, 126.0]"
1698859297.383324,"layout: 
  dim: []
  data_offset: 0
data: [3.235016811176994, 2.5252446755517046, 2.202, 126.0]"
1698859297.4249082,"layout: 
  dim: []
  data_offset: 0
data: [3.230584912890283, 2.531438081527115, 2.206, 126.0]"
1698859297.4710152,"layout: 
  dim: []
  data_offset: 0
data: [3.224779537829418, 2.5372944985548456, 2.212, 127.0]"
1698859297.5228174,"layout: 
  dim: []
  data_offset: 0
data: [3.219829395629471, 2.542632671669338, 2.216, 127.0]"
1698859297.5748956,"layout: 
  dim: []
  data_offset: 0
data: [3.2148792534295234, 2.5479708447838316, 2.221, 127.0]"
1698859297.6110046,"layout: 
  dim: []
  data_offset: 0
data: [3.2104473551428123, 2.554164250759242, 2.226, 128.0]"
1698859297.666607,"layout: 
  dim: []
  data_offset: 0
data: [3.202594525412432, 2.5624306323876, 2.233, 128.0]"
1698859297.7190309,"layout: 
  dim: []
  data_offset: 0
data: [3.1955969285429697, 2.5701787701027214, 2.239, 128.0]"
1698859297.7612102,"layout: 
  dim: []
  data_offset: 0
data: [3.189791553482104, 2.5760351871304517, 2.245, 129.0]"
1698859297.806636,"layout: 
  dim: []
  data_offset: 0
data: [3.1824569676649617, 2.5851568016197275, 2.253, 129.0]"
1698859297.8525903,"layout: 
  dim: []
  data_offset: 0
data: [3.1742671489869005, 2.59479666002224, 2.262, 130.0]"
1698859297.8909662,"layout: 
  dim: []
  data_offset: 0
data: [3.167269552117438, 2.6025447977373606, 2.268, 130.0]"
1698859297.9413846,"layout: 
  dim: []
  data_offset: 0
data: [3.1599349663002947, 2.6116664122266364, 2.275, 130.0]"
1698859297.9955297,"layout: 
  dim: []
  data_offset: 0
data: [3.15412959123943, 2.6175228292543666, 2.28, 131.0]"
1698859298.0342786,"layout: 
  dim: []
  data_offset: 0
data: [3.152082136569915, 2.6199327938549946, 2.282, 131.0]"
1698859298.0821412,"layout: 
  dim: []
  data_offset: 0
data: [3.149697692952719, 2.623716235229777, 2.285, 131.0]"
1698859298.1306918,"layout: 
  dim: []
  data_offset: 0
data: [3.1476502382832043, 2.6261261998304057, 2.287, 131.0]"
1698859298.1805444,"layout: 
  dim: []
  data_offset: 0
data: [3.1452657946660088, 2.629909641205188, 2.29, 131.0]"
1698859298.217519,"layout: 
  dim: []
  data_offset: 0
data: [3.1415078742746587, 2.6333560936322895, 2.294, 131.0]"
1698859298.265793,"layout: 
  dim: []
  data_offset: 0
data: [3.1365577320747113, 2.638694266746783, 2.299, 132.0]"
1698859298.3111067,"layout: 
  dim: []
  data_offset: 0
data: [3.1333180555965985, 2.642995952034802, 2.303, 132.0]"
1698859298.3626294,"layout: 
  dim: []
  data_offset: 0
data: [3.1312706009270834, 2.6454059166354305, 2.306, 132.0]"
1698859298.4117777,"layout: 
  dim: []
  data_offset: 0
data: [3.129223146257568, 2.647815881236059, 2.309, 132.0]"
1698859298.456534,"layout: 
  dim: []
  data_offset: 0
data: [3.125983469779455, 2.652117566524078, 2.314, 133.0]"
1698859298.5031183,"layout: 
  dim: []
  data_offset: 0
data: [3.1201780947185904, 2.657973983551808, 2.321, 133.0]"
1698859298.5520604,"layout: 
  dim: []
  data_offset: 0
data: [3.113517486796808, 2.664348644492775, 2.328, 133.0]"
1698859298.5993955,"layout: 
  dim: []
  data_offset: 0
data: [3.105664657066428, 2.672615026121133, 2.337, 134.0]"
1698859298.6499228,"layout: 
  dim: []
  data_offset: 0
data: [3.0978118273360478, 2.680881407749492, 2.345, 134.0]"
1698859298.6949496,"layout: 
  dim: []
  data_offset: 0
data: [3.0920064522751827, 2.6867378247772216, 2.352, 135.0]"
1698859298.750961,"layout: 
  dim: []
  data_offset: 0
data: [3.084490611492483, 2.6936307296314252, 2.359, 135.0]"
1698859298.7814107,"layout: 
  dim: []
  data_offset: 0
data: [3.079540469292535, 2.6989689027459187, 2.365, 136.0]"
1698859298.839069,"layout: 
  dim: []
  data_offset: 0
data: [3.0757825489011856, 2.702415355173021, 2.369, 136.0]"
1698859298.8957853,"layout: 
  dim: []
  data_offset: 0
data: [3.0737350942316706, 2.704825319773649, 2.372, 136.0]"
1698859298.9309912,"layout: 
  dim: []
  data_offset: 0
data: [3.0691219409794033, 2.708790016113988, 2.376, 136.0]"
1698859298.9813192,"layout: 
  dim: []
  data_offset: 0
data: [3.0627983220053014, 2.7137912002808005, 2.381, 136.0]"
1698859299.0216746,"layout: 
  dim: []
  data_offset: 0
data: [3.0578481798053536, 2.719129373395294, 2.385, 137.0]"
1698859299.0737634,"layout: 
  dim: []
  data_offset: 0
data: [3.051524560831252, 2.7241305575621064, 2.389, 137.0]"
1698859299.1169772,"layout: 
  dim: []
  data_offset: 0
data: [3.0460561747180677, 2.728613497815682, 2.393, 137.0]"
1698859299.1710222,"layout: 
  dim: []
  data_offset: 0
data: [3.0422982543267176, 2.7320599502427845, 2.396, 137.0]"
1698859299.2110963,"layout: 
  dim: []
  data_offset: 0
data: [3.0385403339353676, 2.7355064026698868, 2.399, 137.0]"
1698859299.258272,"layout: 
  dim: []
  data_offset: 0
data: [3.034782413544018, 2.738952855096988, 2.403, 138.0]"
1698859299.3029869,"layout: 
  dim: []
  data_offset: 0
data: [3.0301692602917507, 2.742917551437327, 2.407, 138.0]"
1698859299.3571792,"layout: 
  dim: []
  data_offset: 0
data: [3.0221351755958143, 2.748955223430614, 2.412, 138.0]"
1698859299.3944223,"layout: 
  dim: []
  data_offset: 0
data: [3.0154745676740315, 2.755329884371581, 2.416, 138.0]"
1698859299.4867938,"layout: 
  dim: []
  data_offset: 0
data: [3.0100061815608474, 2.7598128246251568, 2.42, 139.0]"
1698859299.5011292,"layout: 
  dim: []
  data_offset: 0
data: [3.004537795447663, 2.7642957648787325, 2.424, 139.0]"
1698859299.5590773,"layout: 
  dim: []
  data_offset: 0
data: [2.9973589436126438, 2.7698151929587818, 2.429, 139.0]"
1698859299.5983047,"layout: 
  dim: []
  data_offset: 0
data: [2.989843102829944, 2.776708097812986, 2.435, 140.0]"
1698859299.6473696,"layout: 
  dim: []
  data_offset: 0
data: [2.982664250994925, 2.782227525893036, 2.441, 140.0]"
1698859299.691077,"layout: 
  dim: []
  data_offset: 0
data: [2.970872245907638, 2.7917116503134247, 2.45, 140.0]"
1698859299.7211747,"layout: 
  dim: []
  data_offset: 0
data: [2.957888019011754, 2.803087495421204, 2.46, 141.0]"
1698859299.7849617,"layout: 
  dim: []
  data_offset: 0
data: [2.9460960139244676, 2.812571619841593, 2.469, 141.0]"
1698859299.8199375,"layout: 
  dim: []
  data_offset: 0
data: [2.9394354060026853, 2.8189462807825603, 2.473, 142.0]"
1698859299.8662379,"layout: 
  dim: []
  data_offset: 0
data: [2.9344852638027374, 2.824284453897053, 2.478, 142.0]"
1698859299.9227486,"layout: 
  dim: []
  data_offset: 0
data: [2.931582576272305, 2.8272126624109184, 2.48, 142.0]"
1698859299.963751,"layout: 
  dim: []
  data_offset: 0
data: [2.9298721105504706, 2.828249150237392, 2.482, 142.0]"
1698859300.0092072,"layout: 
  dim: []
  data_offset: 0
data: [2.928679888741873, 2.830140870924783, 2.484, 142.0]"
1698859300.067227,"layout: 
  dim: []
  data_offset: 0
data: [2.926295445124677, 2.8339243122995654, 2.487, 142.0]"
1698859300.103577,"layout: 
  dim: []
  data_offset: 0
data: [2.9216822918724104, 2.8378890086399045, 2.491, 143.0]"
1698859300.148282,"layout: 
  dim: []
  data_offset: 0
data: [2.9167321496724625, 2.843227181754398, 2.496, 143.0]"
1698859300.1974888,"layout: 
  dim: []
  data_offset: 0
data: [2.911263763559278, 2.8477101220079737, 2.5, 143.0]"
1698859300.2402039,"layout: 
  dim: []
  data_offset: 0
data: [2.907168854220248, 2.8525300512092295, 2.503, 143.0]"
1698859300.2814937,"layout: 
  dim: []
  data_offset: 0
data: [2.903410933828898, 2.855976503636332, 2.505, 144.0]"
1698859300.3310757,"layout: 
  dim: []
  data_offset: 0
data: [2.9013634791593828, 2.8583864682369597, 2.508, 144.0]"
1698859300.3867266,"layout: 
  dim: []
  data_offset: 0
data: [2.897605558768033, 2.861832920664062, 2.512, 144.0]"
1698859300.426879,"layout: 
  dim: []
  data_offset: 0
data: [2.889234485124416, 2.869244069431503, 2.518, 144.0]"
1698859300.473738,"layout: 
  dim: []
  data_offset: 0
data: [2.876069003262975, 2.8783912049042106, 2.527, 145.0]"
1698859300.531378,"layout: 
  dim: []
  data_offset: 0
data: [2.862566532453854, 2.8889118171510737, 2.535, 145.0]"
1698859300.5681794,"layout: 
  dim: []
  data_offset: 0
data: [2.8523037381228455, 2.8951307441099168, 2.541, 146.0]"
1698859300.611713,"layout: 
  dim: []
  data_offset: 0
data: [2.842896176652755, 2.9008314271555227, 2.549, 146.0]"
1698859300.6609237,"layout: 
  dim: []
  data_offset: 0
data: [2.8386200123481684, 2.9034226467217072, 2.552, 146.0]"
1698859300.7070005,"layout: 
  dim: []
  data_offset: 0
data: [2.836054313765416, 2.9049773784614183, 2.551, 146.0]"
1698859300.7515068,"layout: 
  dim: []
  data_offset: 0
data: [2.832633382321747, 2.907050354114366, 2.554, 146.0]"
1698859300.803541,"layout: 
  dim: []
  data_offset: 0
data: [2.825791519434408, 2.9111963054202614, 2.557, 147.0]"
1698859300.8504875,"layout: 
  dim: []
  data_offset: 0
data: [2.818094423686152, 2.915860500639394, 2.56, 147.0]"
1698859300.8945768,"layout: 
  dim: []
  data_offset: 0
data: [2.805602919720072, 2.9222606825637936, 2.564, 147.0]"
1698859300.9412673,"layout: 
  dim: []
  data_offset: 0
data: [2.7914009500321573, 2.9296973523146663, 2.57, 147.0]"
1698859300.9917006,"layout: 
  dim: []
  data_offset: 0
data: [2.7775359692919235, 2.935760545291386, 2.5971853071795863, 149.0]"
1698859301.038738,"layout: 
  dim: []
  data_offset: 0
data: [2.7676101639085955, 2.9406059954760746, 2.6201853071795864, 150.0]"
1698859301.0942988,"layout: 
  dim: []
  data_offset: 0
data: [2.7568291256643502, 2.9459696895740004, 2.627185307179586, 151.0]"
1698859301.134188,"layout: 
  dim: []
  data_offset: 0
data: [2.7469033202810227, 2.9508151397586895, 2.630185307179586, 151.0]"
1698859301.1895056,"layout: 
  dim: []
  data_offset: 0
data: [2.7378327477586124, 2.955142346030141, 2.630185307179586, 151.0]"
1698859301.2326095,"layout: 
  dim: []
  data_offset: 0
data: [2.7279069423752844, 2.95998779621483, 2.6321853071795864, 151.0]"
1698859301.2728145,"layout: 
  dim: []
  data_offset: 0
data: [2.719691602713791, 2.9637967585730447, 2.635185307179586, 151.0]"
1698859301.3189623,"layout: 
  dim: []
  data_offset: 0
data: [2.714560205548287, 2.966906222052466, 2.6371853071795863, 151.0]"
1698859301.3605556,"layout: 
  dim: []
  data_offset: 0
data: [2.7102840412437006, 2.9694974416186506, 2.639185307179586, 151.0]"
1698859301.4166083,"layout: 
  dim: []
  data_offset: 0
data: [2.705152644078196, 2.972606905098073, 2.642185307179586, 151.0]"
1698859301.4605823,"layout: 
  dim: []
  data_offset: 0
data: [2.6974555483299403, 2.977271100317205, 2.646185307179586, 152.0]"
1698859301.5013523,"layout: 
  dim: []
  data_offset: 0
data: [2.6911319293558384, 2.9822722844840177, 2.6491853071795863, 152.0]"
1698859301.561506,"layout: 
  dim: []
  data_offset: 0
data: [2.682579600746665, 2.9874547236163873, 2.6541853071795862, 152.0]"
1698859301.6004853,"layout: 
  dim: []
  data_offset: 0
data: [2.6762559817725626, 2.9924559077832003, 2.6581853071795862, 152.0]"
1698859301.643431,"layout: 
  dim: []
  data_offset: 0
data: [2.667703653163389, 2.9976383469155694, 2.664185307179586, 153.0]"
1698859301.6958451,"layout: 
  dim: []
  data_offset: 0
data: [2.66052480132837, 3.0031577749956186, 2.668185307179586, 153.0]"
1698859301.7504203,"layout: 
  dim: []
  data_offset: 0
data: [2.649069785188764, 3.0112684226418533, 2.676185307179586, 153.0]"
1698859301.7812424,"layout: 
  dim: []
  data_offset: 0
data: [2.6418909333537446, 3.0167878507219035, 2.680185307179586, 154.0]"
1698859301.831451,"layout: 
  dim: []
  data_offset: 0
data: [2.6338568486578087, 3.0228255227151895, 2.684185307179586, 154.0]"
1698859301.8851848,"layout: 
  dim: []
  data_offset: 0
data: [2.6283884625446237, 3.027308462968765, 2.687185307179586, 154.0]"
1698859301.9214833,"layout: 
  dim: []
  data_offset: 0
data: [2.6263410078751086, 3.029718427569393, 2.688185307179586, 154.0]"
1698859301.9737325,"layout: 
  dim: []
  data_offset: 0
data: [2.6254857750141913, 3.0302366714826303, 2.6891853071795864, 154.0]"
1698859302.0225544,"layout: 
  dim: []
  data_offset: 0
data: [2.6237753092923564, 3.0312731593091042, 2.6901853071795863, 154.0]"
1698859302.0720952,"layout: 
  dim: []
  data_offset: 0
data: [2.6212096107096046, 3.032827891048815, 2.692185307179586, 154.0]"
1698859302.120141,"layout: 
  dim: []
  data_offset: 0
data: [2.617788679265935, 3.0349008667017623, 2.695185307179586, 154.0]"
1698859302.1671965,"layout: 
  dim: []
  data_offset: 0
data: [2.612657282100431, 3.0380103301811845, 2.699185307179586, 155.0]"
1698859302.209,"layout: 
  dim: []
  data_offset: 0
data: [2.6092363506567615, 3.040083305834132, 2.7011853071795864, 155.0]"
1698859302.253718,"layout: 
  dim: []
  data_offset: 0
data: [2.6049601863521747, 3.042674525400317, 2.704185307179586, 155.0]"
1698859302.2978125,"layout: 
  dim: []
  data_offset: 0
data: [2.602394487769423, 3.044229257140027, 2.7051853071795864, 155.0]"
1698859302.343162,"layout: 
  dim: []
  data_offset: 0
data: [2.5998287891866707, 3.0457839888797382, 2.708185307179586, 155.0]"
1698859302.3908658,"layout: 
  dim: []
  data_offset: 0
data: [2.5967448466906817, 3.0464834877585316, 2.7101853071795863, 155.0]"
1698859302.4506984,"layout: 
  dim: []
  data_offset: 0
data: [2.5916134495251777, 3.049592951237953, 2.7141853071795863, 156.0]"
1698859302.4911098,"layout: 
  dim: []
  data_offset: 0
data: [2.5845903316722825, 3.0515101929087773, 2.720185307179586, 156.0]"
1698859302.5347536,"layout: 
  dim: []
  data_offset: 0
data: [2.5763749920107895, 3.055319155266992, 2.7261853071795863, 156.0]"
1698859302.5809517,"layout: 
  dim: []
  data_offset: 0
data: [2.565412698800988, 3.058454139729846, 2.7331853071795864, 157.0]"
1698859302.630805,"layout: 
  dim: []
  data_offset: 0
data: [2.556679115226258, 3.0614078692271436, 2.740185307179586, 157.0]"
1698859302.683296,"layout: 
  dim: []
  data_offset: 0
data: [2.5479455316515276, 3.0643615987244415, 2.7461853071795863, 157.0]"
1698859302.7248175,"layout: 
  dim: []
  data_offset: 0
data: [2.540585424850952, 3.067652317169419, 2.751185307179586, 158.0]"
1698859302.770833,"layout: 
  dim: []
  data_offset: 0
data: [2.5335623069980566, 3.069569558840243, 2.756185307179586, 158.0]"
1698859302.8244207,"layout: 
  dim: []
  data_offset: 0
data: [2.5256839562842437, 3.072005044424304, 2.7611853071795864, 158.0]"
1698859302.8615756,"layout: 
  dim: []
  data_offset: 0
data: [2.516950372709514, 3.074958773921602, 2.7661853071795863, 158.0]"
1698859302.9195614,"layout: 
  dim: []
  data_offset: 0
data: [2.5073615562738665, 3.0784307473321357, 2.772185307179586, 159.0]"
1698859302.959542,"layout: 
  dim: []
  data_offset: 0
data: [2.498964961646817, 3.080011000055279, 2.7771853071795864, 159.0]"
1698859303.0010724,"layout: 
  dim: []
  data_offset: 0
data: [2.4893761452111693, 3.083482973465814, 2.784185307179586, 160.0]"
1698859303.0517569,"layout: 
  dim: []
  data_offset: 0
data: [2.478413852001368, 3.0866179579286674, 2.7901853071795863, 160.0]"
1698859303.1198509,"layout: 
  dim: []
  data_offset: 0
data: [2.4683067916524837, 3.0892346984782852, 2.7981853071795864, 160.0]"
1698859303.1552734,"layout: 
  dim: []
  data_offset: 0
data: [2.4612836737995885, 3.091151940149109, 2.8021853071795864, 161.0]"
1698859303.192034,"layout: 
  dim: []
  data_offset: 0
data: [2.4542605559466932, 3.093069181819933, 2.8071853071795863, 161.0]"
1698859303.2499135,"layout: 
  dim: []
  data_offset: 0
data: [2.447237438093798, 3.0949864234907567, 2.8101853071795864, 161.0]"
1698859303.2826056,"layout: 
  dim: []
  data_offset: 0
data: [2.4432982627368913, 3.096204166282787, 2.812185307179586, 161.0]"
1698859303.33809,"layout: 
  dim: []
  data_offset: 0
data: [2.4367933887972333, 3.098976640814528, 2.8151853071795863, 161.0]"
1698859303.3811104,"layout: 
  dim: []
  data_offset: 0
data: [2.431480736666172, 3.099857394658878, 2.8181853071795864, 161.0]"
1698859303.4243667,"layout: 
  dim: []
  data_offset: 0
data: [2.4266863284483486, 3.101593381364145, 2.820185307179586, 162.0]"
1698859303.4712844,"layout: 
  dim: []
  data_offset: 0
data: [2.4201814545086906, 3.104365855895886, 2.8231853071795863, 162.0]"
1698859303.524765,"layout: 
  dim: []
  data_offset: 0
data: [2.4123031037948777, 3.106801341479947, 2.8271853071795863, 162.0]"
1698859303.5705898,"layout: 
  dim: []
  data_offset: 0
data: [2.4040877641333847, 3.110610303838162, 2.8311853071795863, 162.0]"
1698859303.611534,"layout: 
  dim: []
  data_offset: 0
data: [2.3979198791414067, 3.112009301595749, 2.8341853071795864, 162.0]"
1698859303.6626532,"layout: 
  dim: []
  data_offset: 0
data: [2.390559772340831, 3.115300020040727, 2.8391853071795863, 163.0]"
1698859303.7115912,"layout: 
  dim: []
  data_offset: 0
data: [2.3809709559051835, 3.1187719934512614, 2.845185307179586, 163.0]"
1698859303.7573428,"layout: 
  dim: []
  data_offset: 0
data: [2.374466081965525, 3.1215444679830027, 2.848185307179586, 163.0]"
1698859303.802614,"layout: 
  dim: []
  data_offset: 0
data: [2.3674429641126298, 3.1234617096538266, 2.852185307179586, 163.0]"
1698859303.8588479,"layout: 
  dim: []
  data_offset: 0
data: [2.361793323033889, 3.1257159402723307, 2.8551853071795863, 164.0]"
1698859303.893916,"layout: 
  dim: []
  data_offset: 0
data: [2.3592276244511368, 3.127270672012042, 2.857185307179586, 164.0]"
1698859303.9558933,"layout: 
  dim: []
  data_offset: 0
data: [2.356143681955148, 3.1279701708908347, 2.8591853071795863, 164.0]"
1698859303.9921303,"layout: 
  dim: []
  data_offset: 0
data: [2.353059739459159, 3.1286696697696286, 2.8621853071795864, 164.0]"
1698859304.0334191,"layout: 
  dim: []
  data_offset: 0
data: [2.3482653312413353, 3.1304056564748954, 2.8661853071795864, 164.0]"
1698859304.0828662,"layout: 
  dim: []
  data_offset: 0
data: [2.340723969475203, 3.131467665284802, 2.873185307179586, 165.0]"
1698859304.1345432,"layout: 
  dim: []
  data_offset: 0
data: [2.3337008516223077, 3.1333849069556257, 2.880185307179586, 165.0]"
1698859304.172198,"layout: 
  dim: []
  data_offset: 0
data: [2.3306169091263187, 3.134084405834419, 2.8831853071795863, 165.0]"
1698859304.2259095,"layout: 
  dim: []
  data_offset: 0
data: [2.3275329666303297, 3.1347839047132124, 2.8861853071795864, 165.0]"
1698859304.2737029,"layout: 
  dim: []
  data_offset: 0
data: [2.3227385584125058, 3.1365198914184798, 2.8911853071795863, 166.0]"
1698859304.3202453,"layout: 
  dim: []
  data_offset: 0
data: [2.315197196646374, 3.1375819002283865, 2.8981853071795864, 166.0]"
1698859304.366609,"layout: 
  dim: []
  data_offset: 0
data: [2.306800602019324, 3.1391621529515294, 2.905185307179586, 166.0]"
1698859304.4406445,"layout: 
  dim: []
  data_offset: 0
data: [2.2961752977572027, 3.1409236606402295, 2.9121853071795862, 167.0]"
1698859304.4768193,"layout: 
  dim: []
  data_offset: 0
data: [2.286923470269236, 3.1430221572766097, 2.9201853071795862, 167.0]"
1698859304.507231,"layout: 
  dim: []
  data_offset: 0
data: [2.280237341364021, 3.1435659221732792, 2.926185307179586, 168.0]"
1698859304.546719,"layout: 
  dim: []
  data_offset: 0
data: [2.2744064453197232, 3.143591443156712, 2.929185307179586, 168.0]"
1698859304.5936148,"layout: 
  dim: []
  data_offset: 0
data: [2.268575549275426, 3.1436169641401444, 2.934185307179586, 168.0]"
1698859304.6420102,"layout: 
  dim: []
  data_offset: 0
data: [2.261889420370211, 3.1441607290368143, 2.9391853071795864, 168.0]"
1698859304.6904886,"layout: 
  dim: []
  data_offset: 0
data: [2.2560585243259137, 3.1441862500202467, 2.9441853071795863, 169.0]"
1698859304.7353003,"layout: 
  dim: []
  data_offset: 0
data: [2.247143685785627, 3.1449112698824724, 2.9511853071795864, 169.0]"
1698859304.7820392,"layout: 
  dim: []
  data_offset: 0
data: [2.2368553704711864, 3.145299300797018, 2.9591853071795864, 170.0]"
1698859304.8707452,"layout: 
  dim: []
  data_offset: 0
data: [2.2287957647918173, 3.145506076746008, 2.965185307179586, 170.0]"
1698859304.8870473,"layout: 
  dim: []
  data_offset: 0
data: [2.2193626823382937, 3.145375863747316, 2.9711853071795864, 170.0]"
1698859304.939842,"layout: 
  dim: []
  data_offset: 0
data: [2.212158309519842, 3.145064395783068, 2.977185307179586, 171.0]"
1698859304.9755044,"layout: 
  dim: []
  data_offset: 0
data: [2.2077008902496984, 3.145426905714181, 2.9801853071795863, 171.0]"
1698859305.0252132,"layout: 
  dim: []
  data_offset: 0
data: [2.2035804599272355, 3.1444159388711395, 2.9841853071795863, 171.0]"
1698859305.0660803,"layout: 
  dim: []
  data_offset: 0
data: [2.1982678077961753, 3.1452966927154895, 2.9881853071795863, 171.0]"
1698859305.1129766,"layout: 
  dim: []
  data_offset: 0
data: [2.1910634349777234, 3.1449852247512418, 2.9921853071795863, 171.0]"
1698859305.1634595,"layout: 
  dim: []
  data_offset: 0
data: [2.180775119663283, 3.1453732556657874, 2.9991853071795864, 172.0]"
1698859305.2059512,"layout: 
  dim: []
  data_offset: 0
data: [2.1704868043488417, 3.145761286580333, 3.005185307179586, 172.0]"
1698859305.2532516,"layout: 
  dim: []
  data_offset: 0
data: [2.1624271986694725, 3.145968062529322, 3.009185307179586, 172.0]"
1698859305.2981925,"layout: 
  dim: []
  data_offset: 0
data: [2.157451535486093, 3.145475339599518, 3.013185307179586, 173.0]"
1698859305.3461351,"layout: 
  dim: []
  data_offset: 0
data: [2.1538493490768666, 3.145319605617394, 3.0151853071795864, 173.0]"
1698859305.391754,"layout: 
  dim: []
  data_offset: 0
data: [2.1493919298067232, 3.145682115548507, 3.018185307179586, 173.0]"
1698859305.4420161,"layout: 
  dim: []
  data_offset: 0
data: [2.1457897433974975, 3.145526381566383, 3.021185307179586, 173.0]"
1698859305.4877996,"layout: 
  dim: []
  data_offset: 0
data: [2.1377301377181284, 3.145733157515372, 3.026185307179586, 173.0]"
1698859305.5319636,"layout: 
  dim: []
  data_offset: 0
data: [2.1274418224036875, 3.1461211884299174, 3.0331853071795862, 174.0]"
1698859305.5810373,"layout: 
  dim: []
  data_offset: 0
data: [2.115443041367412, 3.147545707170937, 3.0411853071795862, 174.0]"
1698859305.6466713,"layout: 
  dim: []
  data_offset: 0
data: [2.1051547260529713, 3.1479337380854826, 3.047185307179586, 175.0]"
1698859305.6751251,"layout: 
  dim: []
  data_offset: 0
data: [2.0936741889299326, 3.1502134896874194, 3.054185307179586, 175.0]"
1698859305.7229452,"layout: 
  dim: []
  data_offset: 0
data: [2.0839041175287285, 3.151456753462882, 3.0611853071795863, 175.0]"
1698859305.7706223,"layout: 
  dim: []
  data_offset: 0
data: [2.076025766814916, 3.153892239046943, 3.066185307179586, 176.0]"
1698859305.81735,"layout: 
  dim: []
  data_offset: 0
data: [2.0662556954137123, 3.155135502822406, 3.071185307179586, 176.0]"
1698859305.8630478,"layout: 
  dim: []
  data_offset: 0
data: [2.0600878104217344, 3.1565345005799923, 3.074185307179586, 176.0]"
1698859305.9120088,"layout: 
  dim: []
  data_offset: 0
data: [2.0570038679257454, 3.1572339994587866, 3.0761853071795864, 176.0]"
1698859305.9568696,"layout: 
  dim: []
  data_offset: 0
data: [2.054438169342993, 3.158788731198497, 3.0771853071795863, 176.0]"
1698859306.007204,"layout: 
  dim: []
  data_offset: 0
data: [2.053064692568839, 3.1584517422508167, 3.079185307179586, 176.0]"
1698859306.052593,"layout: 
  dim: []
  data_offset: 0
data: [2.04998075007285, 3.15915124112961, 3.0811853071795863, 177.0]"
1698859306.1014698,"layout: 
  dim: []
  data_offset: 0
data: [2.0460415747159435, 3.1603689839216402, 3.0841853071795864, 177.0]"
1698859306.142583,"layout: 
  dim: []
  data_offset: 0
data: [2.039355445810729, 3.16091274881831, 3.0891853071795863, 177.0]"
1698859306.1906412,"layout: 
  dim: []
  data_offset: 0
data: [2.032669316905514, 3.1614565137149793, 3.094185307179586, 177.0]"
1698859306.23628,"layout: 
  dim: []
  data_offset: 0
data: [2.0268384208612162, 3.1614820346984116, 3.098185307179586, 178.0]"
1698859306.2812796,"layout: 
  dim: []
  data_offset: 0
data: [2.019297059095084, 3.1625440435083183, 3.103185307179586, 178.0]"
1698859306.3339586,"layout: 
  dim: []
  data_offset: 0
data: [2.0103822205547974, 3.163269063370544, 3.110185307179586, 178.0]"
1698859306.3851163,"layout: 
  dim: []
  data_offset: 0
data: [1.9987204284662026, 3.1633201053374096, 3.1171853071795863, 179.0]"
1698859306.467234,"layout: 
  dim: []
  data_offset: 0
data: [1.9884321131517617, 3.1637081362519552, 3.1241853071795864, 179.0]"
1698859306.4739563,"layout: 
  dim: []
  data_offset: 0
data: [1.9745416114280951, 3.1639404331843766, 3.1331853071795863, 180.0]"
1698859306.5219178,"layout: 
  dim: []
  data_offset: 0
data: [1.963735052200417, 3.1634732312380045, 3.1401853071795864, 180.0]"
1698859306.5705452,"layout: 
  dim: []
  data_offset: 0
data: [1.9560124354687285, 3.16230653041284, -3.137, -180.0]"
1698859306.616907,"layout: 
  dim: []
  data_offset: 0
data: [1.9465793530152053, 3.162176317414149, -3.13, -179.0]"
1698859306.6659753,"layout: 
  dim: []
  data_offset: 0
data: [1.9388567362835167, 3.1610096165889834, -3.125, -179.0]"
1698859306.7142045,"layout: 
  dim: []
  data_offset: 0
data: [1.9311341195518277, 3.159842915763818, -3.12, -179.0]"
1698859306.753576,"layout: 
  dim: []
  data_offset: 0
data: [1.9239297467333758, 3.15953144779957, -3.115, -178.0]"
1698859306.8017583,"layout: 
  dim: []
  data_offset: 0
data: [1.9120866996792243, 3.1573537801313636, -3.108, -178.0]"
1698859306.8532438,"layout: 
  dim: []
  data_offset: 0
data: [1.896304477268166, 3.1563938552551876, -3.098, -178.0]"
1698859306.893365,"layout: 
  dim: []
  data_offset: 0
data: [1.88275096449218, 3.155252675413455, -3.092, -177.0]"
1698859306.941688,"layout: 
  dim: []
  data_offset: 0
data: [1.8673057310288028, 3.152919273763125, -3.083, -177.0]"
1698859306.9907892,"layout: 
  dim: []
  data_offset: 0
data: [1.8532339743395796, 3.150922861060475, -3.076, -176.0]"
1698859307.0307963,"layout: 
  dim: []
  data_offset: 0
data: [1.8432826479728188, 3.1499374152008657, -3.071, -176.0]"
1698859307.0876284,"layout: 
  dim: []
  data_offset: 0
data: [1.8328130776928218, 3.1480967364803396, -3.066, -176.0]"
1698859307.1408694,"layout: 
  dim: []
  data_offset: 0
data: [1.8250904609611331, 3.1469300356551746, -3.062, -175.0]"
1698859307.189307,"layout: 
  dim: []
  data_offset: 0
data: [1.8209700306386702, 3.145919068812133, -3.059, -175.0]"
1698859307.221088,"layout: 
  dim: []
  data_offset: 0
data: [1.8187413210035985, 3.1461003237776897, -3.058, -175.0]"
1698859307.2697206,"layout: 
  dim: []
  data_offset: 0
data: [1.817367844229444, 3.1457633348300096, -3.057, -175.0]"
1698859307.313415,"layout: 
  dim: []
  data_offset: 0
data: [1.81599436745529, 3.145426345882329, -3.056, -175.0]"
1698859307.366841,"layout: 
  dim: []
  data_offset: 0
data: [1.812910424959301, 3.146125844761122, -3.055, -175.0]"
1698859307.4152248,"layout: 
  dim: []
  data_offset: 0
data: [1.807934761775921, 3.1456331218313185, -3.052, -175.0]"
1698859307.466857,"layout: 
  dim: []
  data_offset: 0
data: [1.8002121450442319, 3.144466421006153, -3.047, -175.0]"
1698859307.5119076,"layout: 
  dim: []
  data_offset: 0
data: [1.7921525393648627, 3.144673196955142, -3.043, -174.0]"
1698859307.5691638,"layout: 
  dim: []
  data_offset: 0
data: [1.7852851554940918, 3.14298825221674, -3.039, -174.0]"
1698859307.602011,"layout: 
  dim: []
  data_offset: 0
data: [1.7758520730405682, 3.1428580392180487, -3.034, -174.0]"
1698859307.6489258,"layout: 
  dim: []
  data_offset: 0
data: [1.7676112123956425, 3.1408361055319656, -3.029, -174.0]"
1698859307.7288828,"layout: 
  dim: []
  data_offset: 0
data: [1.7598885956639538, 3.1396694047068006, -3.025, -173.0]"
1698859307.769804,"layout: 
  dim: []
  data_offset: 0
data: [1.7543946885673365, 3.138321448916079, -3.022, -173.0]"
1698859307.7872407,"layout: 
  dim: []
  data_offset: 0
data: [1.7480455486098019, 3.1374917370385944, -3.018, -173.0]"
1698859307.8371122,"layout: 
  dim: []
  data_offset: 0
data: [1.742551641513185, 3.1361437812478723, -3.014, -173.0]"
1698859307.8817694,"layout: 
  dim: []
  data_offset: 0
data: [1.7375759783298048, 3.1356510583180683, -3.011, -173.0]"
1698859307.929679,"layout: 
  dim: []
  data_offset: 0
data: [1.7312268383722706, 3.1348213464405834, -3.008, -172.0]"
1698859307.9796395,"layout: 
  dim: []
  data_offset: 0
data: [1.7257329312756533, 3.1334733906498617, -3.004, -172.0]"
1698859308.0233006,"layout: 
  dim: []
  data_offset: 0
data: [1.7202390241790364, 3.13212543485914, -2.999, -172.0]"
1698859308.0726547,"layout: 
  dim: []
  data_offset: 0
data: [1.7125164074473473, 3.1309587340339746, -2.994, -172.0]"
1698859308.1106923,"layout: 
  dim: []
  data_offset: 0
data: [1.701191604306433, 3.1296362992266857, -2.987, -171.0]"
1698859308.1700315,"layout: 
  dim: []
  data_offset: 0
data: [1.687975080478127, 3.127121642610799, -2.98, -171.0]"
1698859308.2105157,"layout: 
  dim: []
  data_offset: 0
data: [1.6797342198332013, 3.125099708924716, -2.975, -170.0]"
1698859308.2510364,"layout: 
  dim: []
  data_offset: 0
data: [1.6733850798756666, 3.1242699970472314, -2.972, -170.0]"
1698859308.3003988,"layout: 
  dim: []
  data_offset: 0
data: [1.6706381263273582, 3.1235960191518704, -2.97, -170.0]"
1698859308.350658,"layout: 
  dim: []
  data_offset: 0
data: [1.6706381263273582, 3.1235960191518704, -2.97, -170.0]"
1698859308.3960962,"layout: 
  dim: []
  data_offset: 0
data: [1.6692646495532037, 3.1232590302041903, -2.969, -170.0]"
1698859308.441804,"layout: 
  dim: []
  data_offset: 0
data: [1.6651442192307413, 3.122248063361149, -2.966, -170.0]"
1698859308.4908693,"layout: 
  dim: []
  data_offset: 0
data: [1.6560481257248982, 3.1207443735883036, -2.961, -170.0]"
1698859308.5335166,"layout: 
  dim: []
  data_offset: 0
data: [1.6478072650799724, 3.1187224399022204, -2.956, -169.0]"
1698859308.5911076,"layout: 
  dim: []
  data_offset: 0
data: [1.6368194508867382, 3.116026528320777, -2.951, -169.0]"
1698859308.6389332,"layout: 
  dim: []
  data_offset: 0
data: [1.6280603463285757, 3.1131493617737775, -2.946, -169.0]"
1698859308.6792822,"layout: 
  dim: []
  data_offset: 0
data: [1.6211929624578043, 3.1114644170353754, -2.942, -169.0]"
1698859308.7209926,"layout: 
  dim: []
  data_offset: 0
data: [1.6138073346737962, 3.108924239436056, -2.939, -168.0]"
1698859308.7717571,"layout: 
  dim: []
  data_offset: 0
data: [1.6064217068897877, 3.106384061836736, -2.936, -168.0]"
1698859308.8210917,"layout: 
  dim: []
  data_offset: 0
data: [1.598699090158099, 3.105217361011571, -2.933, -168.0]"
1698859308.8619473,"layout: 
  dim: []
  data_offset: 0
data: [1.5932051830614817, 3.1038694052208493, -2.93, -168.0]"
1698859308.915778,"layout: 
  dim: []
  data_offset: 0
data: [1.5841090895556387, 3.1023657154480038, -2.927, -168.0]"
1698859308.9665215,"layout: 
  dim: []
  data_offset: 0
data: [1.575012996049796, 3.1008620256751582, -2.924, -168.0]"
1698859309.0066597,"layout: 
  dim: []
  data_offset: 0
data: [1.5676273682657875, 3.098321848075839, -2.922, -167.0]"
1698859309.0520725,"layout: 
  dim: []
  data_offset: 0
data: [1.5576760418990272, 3.09733640221623, -2.92, -167.0]"
1698859309.1010945,"layout: 
  dim: []
  data_offset: 0
data: [1.5494351812541014, 3.0953144685301472, -2.918, -167.0]"
1698859309.1524184,"layout: 
  dim: []
  data_offset: 0
data: [1.5444595180707212, 3.094821745600343, -2.918, -167.0]"
1698859309.1951213,"layout: 
  dim: []
  data_offset: 0
data: [1.5372551452522694, 3.094510277636095, -2.916, -167.0]"
1698859309.241982,"layout: 
  dim: []
  data_offset: 0
data: [1.5295325285205807, 3.0933435768109305, -2.915, -167.0]"
1698859309.2837758,"layout: 
  dim: []
  data_offset: 0
data: [1.5231833885630461, 3.092513864933445, -2.915, -167.0]"
1698859309.3349693,"layout: 
  dim: []
  data_offset: 0
data: [1.5149425279181208, 3.090491931247363, -2.914, -167.0]"
1698859309.382351,"layout: 
  dim: []
  data_offset: 0
data: [1.5049912015513605, 3.089506485387754, -2.913, -167.0]"
1698859309.4311624,"layout: 
  dim: []
  data_offset: 0
data: [1.494521631271363, 3.087665806667228, -2.912, -167.0]"
1698859309.4732661,"layout: 
  dim: []
  data_offset: 0
data: [1.4876542474005916, 3.0859808619288263, -2.912, -167.0]"
1698859309.5309362,"layout: 
  dim: []
  data_offset: 0
data: [1.4785581538947485, 3.0844771721559803, -2.911, -167.0]"
1698859309.5635955,"layout: 
  dim: []
  data_offset: 0
data: [1.4703172932498232, 3.0824552384698976, -2.91, -167.0]"
1698859309.6228027,"layout: 
  dim: []
  data_offset: 0
data: [1.4612211997439797, 3.080951548697052, -2.908, -167.0]"
1698859309.6625862,"layout: 
  dim: []
  data_offset: 0
data: [1.4498963966030654, 3.079629113889763, -2.907, -167.0]"
1698859309.7042263,"layout: 
  dim: []
  data_offset: 0
data: [1.4394268263230678, 3.077788435169237, -2.905, -166.0]"
1698859309.752416,"layout: 
  dim: []
  data_offset: 0
data: [1.4303307328172248, 3.076284745396391, -2.904, -166.0]"
1698859309.7986493,"layout: 
  dim: []
  data_offset: 0
data: [1.4239815928596906, 3.0754550335189066, -2.903, -166.0]"
1698859309.8458369,"layout: 
  dim: []
  data_offset: 0
data: [1.4154037432670843, 3.074806576606978, -2.902, -166.0]"
1698859309.8948228,"layout: 
  dim: []
  data_offset: 0
data: [1.405452416900324, 3.07382113074737, -2.901, -166.0]"
1698859309.9403422,"layout: 
  dim: []
  data_offset: 0
data: [1.3977298001686354, 3.0726544299222045, -2.899, -166.0]"
1698859309.9860692,"layout: 
  dim: []
  data_offset: 0
data: [1.3855497641668033, 3.0718502390281524, -2.899, -166.0]"
1698859310.0336287,"layout: 
  dim: []
  data_offset: 0
data: [1.3728514842517345, 3.0701908152731825, -2.899, -166.0]"
1698859310.0881908,"layout: 
  dim: []
  data_offset: 0
data: [1.3629001578849738, 3.0692053694135737, -2.899, -166.0]"
1698859310.1310568,"layout: 
  dim: []
  data_offset: 0
data: [1.3515753547440594, 3.067882934606285, -2.898, -166.0]"
1698859310.1747046,"layout: 
  dim: []
  data_offset: 0
data: [1.3421422722905358, 3.0677527216075933, -2.897, -166.0]"
1698859310.2254922,"layout: 
  dim: []
  data_offset: 0
data: [1.334937899472084, 3.0674412536433455, -2.898, -166.0]"
1698859310.276282,"layout: 
  dim: []
  data_offset: 0
data: [1.3313357130628583, 3.0672855196612216, -2.897, -166.0]"
1698859310.3169193,"layout: 
  dim: []
  data_offset: 0
data: [1.3313357130628583, 3.0672855196612216, -2.895, -166.0]"
1698859310.362815,"layout: 
  dim: []
  data_offset: 0
data: [1.3313357130628583, 3.0672855196612216, -2.895, -166.0]"
1698859310.4107552,"layout: 
  dim: []
  data_offset: 0
data: [1.3313357130628583, 3.0672855196612216, -2.895, -166.0]"
1698859310.472051,"layout: 
  dim: []
  data_offset: 0
data: [1.3313357130628583, 3.0672855196612216, -2.895, -166.0]"
1698859310.5007453,"layout: 
  dim: []
  data_offset: 0
data: [1.3313357130628583, 3.0672855196612216, -2.895, -166.0]"
1698859310.5506105,"layout: 
  dim: []
  data_offset: 0
data: [1.3313357130628583, 3.0672855196612216, -2.895, -166.0]"
1698859310.5967727,"layout: 
  dim: []
  data_offset: 0
data: [1.3313357130628583, 3.0672855196612216, -2.895, -166.0]"
1698859310.6425583,"layout: 
  dim: []
  data_offset: 0
data: [1.3313357130628583, 3.0672855196612216, -2.895, -166.0]"
1698859310.6918623,"layout: 
  dim: []
  data_offset: 0
data: [1.3313357130628583, 3.0672855196612216, -2.895, -166.0]"
1698859310.7398233,"layout: 
  dim: []
  data_offset: 0
data: [1.3299622362887042, 3.0669485307135416, -2.895, -166.0]"
1698859310.7913933,"layout: 
  dim: []
  data_offset: 0
data: [1.3466252125441116, 3.073221107720778, -2.895, -166.0]"
1698859310.8309224,"layout: 
  dim: []
  data_offset: 0
data: [1.3512638867798117, 3.0750873074247367, -2.895, -166.0]"
1698859310.8861566,"layout: 
  dim: []
  data_offset: 0
data: [1.3471434564573488, 3.074076340581695, -2.894, -166.0]"
1698859310.9269617,"layout: 
  dim: []
  data_offset: 0
data: [1.3416495493607314, 3.072728384790974, -2.893, -166.0]"
1698859310.9790053,"layout: 
  dim: []
  data_offset: 0
data: [1.33478216548996, 3.0710434400525717, -2.893, -166.0]"
1698859311.0505886,"layout: 
  dim: []
  data_offset: 0
data: [1.3279147816191887, 3.0693584953141695, -2.893, -166.0]"
1698859311.07104,"layout: 
  dim: []
  data_offset: 0
data: [1.3188186881133457, 3.0678548055413235, -2.892, -166.0]"
1698859311.113083,"layout: 
  dim: []
  data_offset: 0
data: [1.3083491178333486, 3.066014126820798, -2.892, -166.0]"
1698859311.1665876,"layout: 
  dim: []
  data_offset: 0
data: [1.2987347804142688, 3.063655204187035, -2.892, -166.0]"
1698859311.2133873,"layout: 
  dim: []
  data_offset: 0
data: [1.2874099772733536, 3.0623327693797453, -2.891, -166.0]"
1698859311.2511477,"layout: 
  dim: []
  data_offset: 0
data: [1.2764221630801198, 3.059636857798302, -2.891, -166.0]"
1698859311.300986,"layout: 
  dim: []
  data_offset: 0
data: [1.2645791160259683, 3.0574591901300954, -2.891, -166.0]"
1698859311.355543,"layout: 
  dim: []
  data_offset: 0
data: [1.2522178250585796, 3.054426289600972, -2.891, -166.0]"
1698859311.3918774,"layout: 
  dim: []
  data_offset: 0
data: [1.241748254778582, 3.0525856108804454, -2.89, -166.0]"
1698859311.4512486,"layout: 
  dim: []
  data_offset: 0
data: [1.2307604405853478, 3.049889699299002, -2.891, -166.0]"
1698859311.4932337,"layout: 
  dim: []
  data_offset: 0
data: [1.219772626392114, 3.0471937877175588, -2.891, -166.0]"
1698859311.532513,"layout: 
  dim: []
  data_offset: 0
data: [1.2101582889730338, 3.044834865083796, -2.891, -166.0]"
1698859311.5808887,"layout: 
  dim: []
  data_offset: 0
data: [1.1977969980056455, 3.041801964554672, -2.891, -166.0]"
1698859311.6308942,"layout: 
  dim: []
  data_offset: 0
data: [1.1881826605865657, 3.0394430419209093, -2.891, -166.0]"
1698859311.6715949,"layout: 
  dim: []
  data_offset: 0
data: [1.181315276715794, 3.037758097182507, -2.891, -166.0]"
1698859311.7251842,"layout: 
  dim: []
  data_offset: 0
data: [1.1717009392967144, 3.0353991745487443, -2.893, -166.0]"
1698859311.7710538,"layout: 
  dim: []
  data_offset: 0
data: [1.157629182607491, 3.0334027618460944, -2.893, -166.0]"
1698859311.8237517,"layout: 
  dim: []
  data_offset: 0
data: [1.1421839491441135, 3.031069360195764, -2.894, -166.0]"
1698859311.8654437,"layout: 
  dim: []
  data_offset: 0
data: [1.130859146003199, 3.0297469253884746, -2.895, -166.0]"
1698859311.9146328,"layout: 
  dim: []
  data_offset: 0
data: [1.1200525867755213, 3.029279723442103, -2.896, -166.0]"
1698859311.9642189,"layout: 
  dim: []
  data_offset: 0
data: [1.1147399346444606, 3.030160477286453, -2.897, -166.0]"
1698859312.0016751,"layout: 
  dim: []
  data_offset: 0
data: [1.1111377482352347, 3.030004743304329, -2.898, -166.0]"
1698859312.0510588,"layout: 
  dim: []
  data_offset: 0
data: [1.1075355618260088, 3.029849009322205, -2.898, -166.0]"
1698859312.104053,"layout: 
  dim: []
  data_offset: 0
data: [1.1025598986426286, 3.0293562863924004, -2.899, -166.0]"
1698859312.1430342,"layout: 
  dim: []
  data_offset: 0
data: [1.0967290025983312, 3.0293818073758336, -2.899, -166.0]"
1698859312.1909614,"layout: 
  dim: []
  data_offset: 0
data: [1.0903798626407966, 3.0285520954983483, -2.899, -166.0]"
1698859312.243792,"layout: 
  dim: []
  data_offset: 0
data: [1.0818020130481905, 3.02790363858642, -2.9, -166.0]"
1698859312.2813885,"layout: 
  dim: []
  data_offset: 0
data: [1.0754528730906558, 3.027073926708935, -2.901, -166.0]"
1698859312.331162,"layout: 
  dim: []
  data_offset: 0
data: [1.0641280699497413, 3.025751491901646, -2.901, -166.0]"
1698859312.3869617,"layout: 
  dim: []
  data_offset: 0
data: [1.0492010803996008, 3.024273323112233, -2.903, -166.0]"
1698859312.4301949,"layout: 
  dim: []
  data_offset: 0
data: [1.032900614075306, 3.0224581653751397, -2.904, -166.0]"
1698859312.4725275,"layout: 
  dim: []
  data_offset: 0
data: [1.0193471012993198, 3.0213169855334074, -2.906, -167.0]"
1698859312.5186012,"layout: 
  dim: []
  data_offset: 0
data: [1.0066488213842506, 3.0196575617784376, -2.907, -167.0]"
1698859312.5620663,"layout: 
  dim: []
  data_offset: 0
data: [0.9944687853824188, 3.0188533708843854, -2.907, -167.0]"
1698859312.6141443,"layout: 
  dim: []
  data_offset: 0
data: [0.981252261554113, 3.0163387142684983, -2.907, -167.0]"
1698859312.6592114,"layout: 
  dim: []
  data_offset: 0
data: [0.9685539816390442, 3.014679290513529, -2.906, -167.0]"
1698859312.7045786,"layout: 
  dim: []
  data_offset: 0
data: [0.9580844113590468, 3.0128386117930033, -2.903, -166.0]"
1698859312.7495294,"layout: 
  dim: []
  data_offset: 0
data: [0.950361794627358, 3.011671910967838, -2.902, -166.0]"
1698859312.8023725,"layout: 
  dim: []
  data_offset: 0
data: [0.9426391778956694, 3.0105052101426724, -2.901, -166.0]"
1698859312.8433647,"layout: 
  dim: []
  data_offset: 0
data: [0.937663514712289, 3.010012487212868, -2.901, -166.0]"
1698859312.9060123,"layout: 
  dim: []
  data_offset: 0
data: [0.9349165611639805, 3.0093385093175073, -2.901, -166.0]"
1698859312.9388163,"layout: 
  dim: []
  data_offset: 0
data: [0.9349165611639805, 3.0093385093175073, -2.9, -166.0]"
1698859312.9847775,"layout: 
  dim: []
  data_offset: 0
data: [0.9335430843898264, 3.009001520369827, -2.9, -166.0]"
1698859313.035025,"layout: 
  dim: []
  data_offset: 0
data: [0.9313143747547545, 3.0091827753353835, -2.9, -166.0]"
1698859313.0825677,"layout: 
  dim: []
  data_offset: 0
data: [0.9244469908839832, 3.0074978305969813, -2.899, -166.0]"
1698859313.1271968,"layout: 
  dim: []
  data_offset: 0
data: [0.9175796070132118, 3.005812885858579, -2.896, -166.0]"
1698859313.1726804,"layout: 
  dim: []
  data_offset: 0
data: [0.9112304670556773, 3.0049831739810946, -2.894, -166.0]"
1698859313.2214868,"layout: 
  dim: []
  data_offset: 0
data: [0.9062548038722972, 3.00449045105129, -2.892, -166.0]"
1698859313.2676125,"layout: 
  dim: []
  data_offset: 0
data: [0.8988691760882889, 3.0019502734519703, -2.89, -166.0]"
1698859313.314875,"layout: 
  dim: []
  data_offset: 0
data: [0.8883996058082916, 3.0001095947314447, -2.887, -165.0]"
1698859313.3698826,"layout: 
  dim: []
  data_offset: 0
data: [0.8787852683892117, 2.9977506720976814, -2.885, -165.0]"
1698859313.4100127,"layout: 
  dim: []
  data_offset: 0
data: [0.8677974541959775, 2.995054760516238, -2.882, -165.0]"
1698859313.4531353,"layout: 
  dim: []
  data_offset: 0
data: [0.8559544071418258, 2.9928770928480315, -2.882, -165.0]"
1698859313.5015793,"layout: 
  dim: []
  data_offset: 0
data: [0.8482317904101371, 2.991710392022866, -2.882, -165.0]"
1698859313.5505857,"layout: 
  dim: []
  data_offset: 0
data: [0.8396539408175311, 2.991061935110938, -2.882, -165.0]"
1698859313.6030746,"layout: 
  dim: []
  data_offset: 0
data: [0.8302208583640075, 2.990931722112247, -2.883, -165.0]"
1698859313.641393,"layout: 
  dim: []
  data_offset: 0
data: [0.8156308577615474, 2.9880800765486795, -2.885, -165.0]"
1698859313.691878,"layout: 
  dim: []
  data_offset: 0
data: [0.7955469500624702, 2.9838804751943906, -2.885, -165.0]"
1698859313.7369955,"layout: 
  dim: []
  data_offset: 0
data: [0.7764995301898668, 2.9813913395619362, -2.886, -165.0]"
1698859313.7832677,"layout: 
  dim: []
  data_offset: 0
data: [0.7514399593074096, 2.976699015277843, -2.888, -165.0]"
1698859313.8354764,"layout: 
  dim: []
  data_offset: 0
data: [0.7263803884249521, 2.9720066909937497, -2.89, -166.0]"
1698859313.8793385,"layout: 
  dim: []
  data_offset: 0
data: [0.707669957500029, 2.968144078587141, -2.892, -166.0]"
1698859313.9423997,"layout: 
  dim: []
  data_offset: 0
data: [0.6853573401658803, 2.9641257321984082, -2.894, -166.0]"
1698859313.970317,"layout: 
  dim: []
  data_offset: 0
data: [0.6669838981886378, 2.9588896430176455, -2.895, -166.0]"
1698859314.0215256,"layout: 
  dim: []
  data_offset: 0
data: [0.6523938975861776, 2.956037997454078, -2.896, -166.0]"
1698859314.0687747,"layout: 
  dim: []
  data_offset: 0
data: [0.6436347930280149, 2.953160830907078, -2.896, -166.0]"
1698859314.1115801,"layout: 
  dim: []
  data_offset: 0
data: [0.6348756884698523, 2.950283664360078, -2.896, -166.0]"
1698859314.1606271,"layout: 
  dim: []
  data_offset: 0
data: [0.6288635374599982, 2.948080475708439, -2.897, -166.0]"
1698859314.2110631,"layout: 
  dim: []
  data_offset: 0
data: [0.6247431071375356, 2.9470695088653978, -2.897, -166.0]"
1698859314.2530186,"layout: 
  dim: []
  data_offset: 0
data: [0.6178757232667642, 2.9453845641269956, -2.898, -166.0]"
1698859314.3018591,"layout: 
  dim: []
  data_offset: 0
data: [0.6101531065350754, 2.9442178633018306, -2.9, -166.0]"
1698859314.3532043,"layout: 
  dim: []
  data_offset: 0
data: [0.6015752569424694, 2.9435694063899023, -2.902, -166.0]"
1698859314.393668,"layout: 
  dim: []
  data_offset: 0
data: [0.5938526402107805, 2.942402705564737, -2.905, -166.0]"
1698859314.441859,"layout: 
  dim: []
  data_offset: 0
data: [0.5830460809831028, 2.941935503618365, -2.907, -167.0]"
1698859314.495122,"layout: 
  dim: []
  data_offset: 0
data: [0.5717212778421883, 2.9406130688110763, -2.911, -167.0]"
1698859314.5330634,"layout: 
  dim: []
  data_offset: 0
data: [0.5622881953886648, 2.9404828558123848, -2.914, -167.0]"
1698859314.5813048,"layout: 
  dim: []
  data_offset: 0
data: [0.5506264033000697, 2.94053389777925, -2.918, -167.0]"
1698859314.6425886,"layout: 
  dim: []
  data_offset: 0
data: [0.5420485537074637, 2.9398854408673216, -2.921, -167.0]"
1698859314.673044,"layout: 
  dim: []
  data_offset: 0
data: [0.5290132848447142, 2.939599493886506, -2.926, -168.0]"
1698859314.7315953,"layout: 
  dim: []
  data_offset: 0
data: [0.5173514927561191, 2.9396505358533718, -2.93, -168.0]"
1698859314.774839,"layout: 
  dim: []
  data_offset: 0
data: [0.5051714567542872, 2.9388463449593196, -2.934, -168.0]"
1698859314.8311732,"layout: 
  dim: []
  data_offset: 0
data: [0.49161794397830094, 2.937705165117587, -2.938, -168.0]"
1698859314.8627996,"layout: 
  dim: []
  data_offset: 0
data: [0.47995615188970586, 2.937756207084452, -2.94, -168.0]"
1698859314.9114113,"layout: 
  dim: []
  data_offset: 0
data: [0.46554740625280233, 2.9371332711559566, -2.943, -169.0]"
1698859314.9534752,"layout: 
  dim: []
  data_offset: 0
data: [0.4552590909383615, 2.9375213020705018, -2.945, -169.0]"
1698859315.0021303,"layout: 
  dim: []
  data_offset: 0
data: [0.44307905493652955, 2.93671711117645, -2.948, -169.0]"
1698859315.0652134,"layout: 
  dim: []
  data_offset: 0
data: [0.4327907396220887, 2.937105142090995, -2.949, -169.0]"
1698859315.1054657,"layout: 
  dim: []
  data_offset: 0
data: [0.42439414499503914, 2.9386853948141383, -2.951, -169.0]"
1698859315.141058,"layout: 
  dim: []
  data_offset: 0
data: [0.4199367257248958, 2.9390479047452516, -2.951, -169.0]"
1698859315.1926675,"layout: 
  dim: []
  data_offset: 0
data: [0.4141058296805983, 2.939073425728684, -2.952, -169.0]"
1698859315.2431211,"layout: 
  dim: []
  data_offset: 0
data: [0.4110218871846093, 2.9397729246074773, -2.953, -169.0]"
1698859315.2817013,"layout: 
  dim: []
  data_offset: 0
data: [0.40964841041045497, 2.939435935659797, -2.953, -169.0]"
1698859315.3334064,"layout: 
  dim: []
  data_offset: 0
data: [0.4087931775495377, 2.939954179573034, -2.953, -169.0]"
1698859315.3851101,"layout: 
  dim: []
  data_offset: 0
data: [0.40604622400122903, 2.939280201677673, -2.953, -169.0]"
1698859315.4402456,"layout: 
  dim: []
  data_offset: 0
data: [0.4015888047310858, 2.939642711608786, -2.954, -169.0]"
1698859315.4757583,"layout: 
  dim: []
  data_offset: 0
data: [0.3960948976344687, 2.938294755818064, -2.954, -169.0]"
1698859315.5205302,"layout: 
  dim: []
  data_offset: 0
data: [0.38889052481601694, 2.9379832878538172, -2.954, -169.0]"
1698859315.57133,"layout: 
  dim: []
  data_offset: 0
data: [0.38254138485848255, 2.937153575976332, -2.954, -169.0]"
1698859315.6127338,"layout: 
  dim: []
  data_offset: 0
data: [0.3756740009877111, 2.9354686312379297, -2.954, -169.0]"
1698859315.660651,"layout: 
  dim: []
  data_offset: 0
data: [0.3693248610301767, 2.934638919360445, -2.954, -169.0]"
1698859315.7131097,"layout: 
  dim: []
  data_offset: 0
data: [0.36468618679447684, 2.9327727196564863, -2.954, -169.0]"
1698859315.7598546,"layout: 
  dim: []
  data_offset: 0
data: [0.35833704683694234, 2.931943007779002, -2.954, -169.0]"
1698859315.8032632,"layout: 
  dim: []
  data_offset: 0
data: [0.3528431397403252, 2.9305950519882797, -2.954, -169.0]"
1698859315.8531914,"layout: 
  dim: []
  data_offset: 0
data: [0.3473492326437082, 2.9292470961975585, -2.954, -169.0]"
1698859315.901217,"layout: 
  dim: []
  data_offset: 0
data: [0.34237356946032804, 2.928754373267754, -2.954, -169.0]"
1698859315.941103,"layout: 
  dim: []
  data_offset: 0
data: [0.3355061855895566, 2.927069428529352, -2.957, -169.0]"
1698859315.9975903,"layout: 
  dim: []
  data_offset: 0
data: [0.32778356885786786, 2.9259027277041865, -2.956, -169.0]"
1698859316.0342226,"layout: 
  dim: []
  data_offset: 0
data: [0.3209161849870964, 2.9242177829657843, -2.957, -169.0]"
1698859316.08368,"layout: 
  dim: []
  data_offset: 0
data: [0.31404880111632516, 2.922532838227382, -2.957, -169.0]"
1698859316.1318865,"layout: 
  dim: []
  data_offset: 0
data: [0.3090731379329449, 2.9220401152975777, -2.957, -169.0]"
1698859316.1817598,"layout: 
  dim: []
  data_offset: 0
data: [0.30632618438463644, 2.921366137402217, -2.957, -169.0]"
1698859316.22273,"layout: 
  dim: []
  data_offset: 0
data: [0.30632618438463644, 2.921366137402217, -2.958, -169.0]"
1698859316.2724123,"layout: 
  dim: []
  data_offset: 0
data: [0.30547095152371906, 2.9218843813154542, -2.958, -169.0]"
1698859316.3221414,"layout: 
  dim: []
  data_offset: 0
data: [0.30409747474956483, 2.9215473923677737, -2.961, -170.0]"
1698859316.3637936,"layout: 
  dim: []
  data_offset: 0
data: [0.3027239979754105, 2.921210403420093, -2.96, -170.0]"
1698859316.411439,"layout: 
  dim: []
  data_offset: 0
data: [0.30135052120125627, 2.9208734144724127, -2.959, -170.0]"
1698859316.46517,"layout: 
  dim: []
  data_offset: 0
data: [0.29997704442710194, 2.920536425524732, -2.959, -170.0]"
1698859316.503257,"layout: 
  dim: []
  data_offset: 0
data: [0.2986035676529477, 2.920199436577052, -2.962, -170.0]"
1698859316.56082,"layout: 
  dim: []
  data_offset: 0
data: [0.2972300908787934, 2.9198624476293715, -2.962, -170.0]"
1698859316.6006498,"layout: 
  dim: []
  data_offset: 0
data: [0.2963748580178761, 2.9203806915426087, -2.962, -170.0]"
1698859316.6411746,"layout: 
  dim: []
  data_offset: 0
data: [0.2950013812437219, 2.9200437025949277, -2.962, -170.0]"
1698859316.6934652,"layout: 
  dim: []
  data_offset: 0
data: [0.2941461483828045, 2.9205619465081654, -2.963, -170.0]"
1698859316.734652,"layout: 
  dim: []
  data_offset: 0
data: [0.29277267160865006, 2.9202249575604844, -2.964, -170.0]"
1698859316.7812998,"layout: 
  dim: []
  data_offset: 0
data: [0.28779700842527, 2.91973223463068, -2.967, -170.0]"
1698859316.8328156,"layout: 
  dim: []
  data_offset: 0
data: [0.28059263560681813, 2.9194207666664322, -2.969, -170.0]"
1698859316.8857553,"layout: 
  dim: []
  data_offset: 0
data: [0.27201478601421203, 2.918772309754504, -2.972, -170.0]"
1698859316.9285247,"layout: 
  dim: []
  data_offset: 0
data: [0.26343693642160604, 2.9181238528425757, -2.974, -170.0]"
1698859316.9721348,"layout: 
  dim: []
  data_offset: 0
data: [0.25263037719392833, 2.9176566508962036, -2.977, -171.0]"
1698859317.0228043,"layout: 
  dim: []
  data_offset: 0
data: [0.24182381796625052, 2.9171894489498325, -2.979, -171.0]"
1698859317.074552,"layout: 
  dim: []
  data_offset: 0
data: [0.23153550265180967, 2.917577479864378, -2.982, -171.0]"
1698859317.1255774,"layout: 
  dim: []
  data_offset: 0
data: [0.22295765305920368, 2.9169290229524494, -2.984, -171.0]"
1698859317.1669788,"layout: 
  dim: []
  data_offset: 0
data: [0.21266933774476282, 2.917317053866995, -2.986, -171.0]"
1698859317.2124722,"layout: 
  dim: []
  data_offset: 0
data: [0.20100754565616763, 2.91736809583386, -2.989, -171.0]"
1698859317.251041,"layout: 
  dim: []
  data_offset: 0
data: [0.1910562192894073, 2.916382649974252, -2.992, -171.0]"
1698859317.3039072,"layout: 
  dim: []
  data_offset: 0
data: [0.17716571756574073, 2.916614946906673, -2.994, -172.0]"
1698859317.3533041,"layout: 
  dim: []
  data_offset: 0
data: [0.16241998298115667, 2.917365487752332, -2.996, -172.0]"
1698859317.396867,"layout: 
  dim: []
  data_offset: 0
data: [0.15213166766671582, 2.9177535186668773, -2.997, -172.0]"
1698859317.4476519,"layout: 
  dim: []
  data_offset: 0
data: [0.14013288663044043, 2.919178037407897, -3.0, -172.0]"
1698859317.4997685,"layout: 
  dim: []
  data_offset: 0
data: [0.13036281522923665, 2.9204213011833597, -3.002, -172.0]"
1698859317.5386899,"layout: 
  dim: []
  data_offset: 0
data: [0.12282145346310425, 2.921483309993266, -3.004, -172.0]"
1698859317.5825958,"layout: 
  dim: []
  data_offset: 0
data: [0.11356962597513731, 2.9235818066296466, -3.007, -172.0]"
1698859317.6343203,"layout: 
  dim: []
  data_offset: 0
data: [0.1046547874348509, 2.924306826491873, -3.008, -172.0]"
1698859317.6748352,"layout: 
  dim: []
  data_offset: 0
data: [0.09848690244287284, 2.9257058242494596, -3.01, -172.0]"
1698859317.7268844,"layout: 
  dim: []
  data_offset: 0
data: [0.09454772708596648, 2.9269235670414897, -3.012, -173.0]"
1698859317.772887,"layout: 
  dim: []
  data_offset: 0
data: [0.09369249422504922, 2.9274418109547264, -3.012, -173.0]"
1698859317.826786,"layout: 
  dim: []
  data_offset: 0
data: [0.09198202850321457, 2.9284782987812, -3.014, -173.0]"
1698859317.8631957,"layout: 
  dim: []
  data_offset: 0
data: [0.08804285314630833, 2.929696041573231, -3.015, -173.0]"
1698859317.9334242,"layout: 
  dim: []
  data_offset: 0
data: [0.07827278174510433, 2.9309393053486934, -3.018, -173.0]"
1698859317.963327,"layout: 
  dim: []
  data_offset: 0
data: [0.06575575679559198, 2.9315085912287957, -3.021, -173.0]"
1698859318.0086083,"layout: 
  dim: []
  data_offset: 0
data: [0.05461220862023375, 2.932414866056578, -3.025, -173.0]"
1698859318.0530462,"layout: 
  dim: []
  data_offset: 0
data: [0.03986647403564958, 2.933165406902237, -3.028, -173.0]"
1698859318.1050596,"layout: 
  dim: []
  data_offset: 0
data: [0.025975972311982898, 2.9333977038346584, -3.031, -174.0]"
1698859318.148624,"layout: 
  dim: []
  data_offset: 0
data: [0.014651169171068457, 2.9320752690273695, -3.032, -174.0]"
1698859318.1909873,"layout: 
  dim: []
  data_offset: 0
data: [0.001952889255999457, 2.9304158452723996, -3.034, -174.0]"
1698859318.2419581,"layout: 
  dim: []
  data_offset: 0
data: [-0.009890157798152277, 2.928238177604193, -3.035, -174.0]"
1698859318.284726,"layout: 
  dim: []
  data_offset: 0
data: [-0.018986251303995116, 2.9267344878313475, -3.036, -174.0]"
1698859318.3315525,"layout: 
  dim: []
  data_offset: 0
data: [-0.029974065497229363, 2.924038576249904, -3.037, -174.0]"
1698859318.3806508,"layout: 
  dim: []
  data_offset: 0
data: [-0.04044363577722676, 2.9221978975293785, -3.038, -174.0]"
1698859318.4279327,"layout: 
  dim: []
  data_offset: 0
data: [-0.04731101964799822, 2.9205129527909763, -3.039, -174.0]"
1698859318.4719605,"layout: 
  dim: []
  data_offset: 0
data: [-0.055033636379686834, 2.919346251965811, -3.04, -174.0]"
1698859318.5210958,"layout: 
  dim: []
  data_offset: 0
data: [-0.05915406670214962, 2.9183352851227697, -3.04, -174.0]"
1698859318.570994,"layout: 
  dim: []
  data_offset: 0
data: [-0.06275625311137545, 2.9181795511406454, -3.042, -174.0]"
1698859318.6133502,"layout: 
  dim: []
  data_offset: 0
data: [-0.06550320665968401, 2.917505573245285, -3.043, -174.0]"
1698859318.66524,"layout: 
  dim: []
  data_offset: 0
data: [-0.06910539306891006, 2.917349839263161, -3.044, -174.0]"
1698859318.7231593,"layout: 
  dim: []
  data_offset: 0
data: [-0.07218933556489882, 2.9180493381419543, -3.045, -174.0]"
1698859318.7526562,"layout: 
  dim: []
  data_offset: 0
data: [-0.07802023160919647, 2.9180748591253867, -3.048, -175.0]"
1698859318.8011494,"layout: 
  dim: []
  data_offset: 0
data: [-0.08607983728856561, 2.918281635074376, -3.051, -175.0]"
1698859318.8504775,"layout: 
  dim: []
  data_offset: 0
data: [-0.09499467582885213, 2.9190066549366023, -3.055, -175.0]"
1698859318.891157,"layout: 
  dim: []
  data_offset: 0
data: [-0.10168080473406693, 2.9195504198332713, -3.058, -175.0]"
1698859318.944426,"layout: 
  dim: []
  data_offset: 0
data: [-0.10922216650019922, 2.920612428643178, -3.061, -175.0]"
1698859318.993341,"layout: 
  dim: []
  data_offset: 0
data: [-0.11590829540541425, 2.921156193539848, -3.064, -176.0]"
1698859319.0343144,"layout: 
  dim: []
  data_offset: 0
data: [-0.12036571467555734, 2.9215187034709604, -3.067, -176.0]"
1698859319.086492,"layout: 
  dim: []
  data_offset: 0
data: [-0.12790707644168975, 2.922580712280867, -3.07, -176.0]"
1698859319.1403453,"layout: 
  dim: []
  data_offset: 0
data: [-0.13682191498197627, 2.923305732143093, -3.074, -176.0]"
1698859319.1801078,"layout: 
  dim: []
  data_offset: 0
data: [-0.14436327674810845, 2.9243677409529996, -3.078, -176.0]"
1698859319.222271,"layout: 
  dim: []
  data_offset: 0
data: [-0.15550682492346668, 2.925274015780782, -3.082, -177.0]"
1698859319.2735257,"layout: 
  dim: []
  data_offset: 0
data: [-0.1688790827338965, 2.926361545574121, -3.086, -177.0]"
1698859319.31433,"layout: 
  dim: []
  data_offset: 0
data: [-0.18087786377017168, 2.92778606431514, -3.089, -177.0]"
1698859319.3619866,"layout: 
  dim: []
  data_offset: 0
data: [-0.19510535444151889, 2.9293918380217163, -3.092, -177.0]"
1698859319.4111512,"layout: 
  dim: []
  data_offset: 0
data: [-0.20847761225194872, 2.930479367815055, -3.095, -177.0]"
1698859319.4643645,"layout: 
  dim: []
  data_offset: 0
data: [-0.22270510292329582, 2.9320851415216316, -3.099, -178.0]"
1698859319.5061054,"layout: 
  dim: []
  data_offset: 0
data: [-0.2333304071854171, 2.933846649210331, -3.101, -178.0]"
1698859319.5546389,"layout: 
  dim: []
  data_offset: 0
data: [-0.24670266499584692, 2.93493417900367, -3.104, -178.0]"
1698859319.5955892,"layout: 
  dim: []
  data_offset: 0
data: [-0.2564727363970507, 2.936177442779133, -3.107, -178.0]"
1698859319.6437912,"layout: 
  dim: []
  data_offset: 0
data: [-0.26676105171149167, 2.936565473693679, -3.108, -178.0]"
1698859319.6967013,"layout: 
  dim: []
  data_offset: 0
data: [-0.27344718061670636, 2.937109238590348, -3.108, -178.0]"
1698859319.7487006,"layout: 
  dim: []
  data_offset: 0
data: [-0.2770493670259323, 2.9369535046082245, -3.109, -178.0]"
1698859319.7951806,"layout: 
  dim: []
  data_offset: 0
data: [-0.28065155343515813, 2.9367977706261, -3.109, -178.0]"
1698859319.8339927,"layout: 
  dim: []
  data_offset: 0
data: [-0.28700069339269263, 2.9359680587486157, -3.11, -178.0]"
1698859319.8806336,"layout: 
  dim: []
  data_offset: 0
data: [-0.29695201975945296, 2.934982612889007, -3.111, -178.0]"
1698859319.9270463,"layout: 
  dim: []
  data_offset: 0
data: [-0.306048113265296, 2.9334789231161613, -3.111, -178.0]"
1698859319.9697635,"layout: 
  dim: []
  data_offset: 0
data: [-0.31599943963205646, 2.9324934772565525, -3.112, -178.0]"
1698859320.0194056,"layout: 
  dim: []
  data_offset: 0
data: [-0.32869771954712534, 2.9308340535015827, -3.113, -178.0]"
1698859320.0783386,"layout: 
  dim: []
  data_offset: 0
data: [-0.3410590105145137, 2.9278011529724592, -3.111, -178.0]"
1698859320.1185737,"layout: 
  dim: []
  data_offset: 0
data: [-0.3460346736978941, 2.927308430042655, -3.111, -178.0]"
1698859320.1655874,"layout: 
  dim: []
  data_offset: 0
data: [-0.35238381365542826, 2.92647871816517, -3.111, -178.0]"
1698859320.206641,"layout: 
  dim: []
  data_offset: 0
data: [-0.3559860000646544, 2.926322984183046, -3.112, -178.0]"
1698859320.2521439,"layout: 
  dim: []
  data_offset: 0
data: [-0.358732953612963, 2.925649006287685, -3.112, -178.0]"
1698859320.298833,"layout: 
  dim: []
  data_offset: 0
data: [-0.3601064303871171, 2.925312017340005, -3.112, -178.0]"
1698859320.3453987,"layout: 
  dim: []
  data_offset: 0
data: [-0.36370861679634303, 2.9251562833578806, -3.113, -178.0]"
1698859320.392685,"layout: 
  dim: []
  data_offset: 0
data: [-0.3686842799797233, 2.924663560428076, -3.114, -178.0]"
1698859320.4410782,"layout: 
  dim: []
  data_offset: 0
data: [-0.3731416992498665, 2.9250260703591895, -3.115, -178.0]"
1698859320.4873633,"layout: 
  dim: []
  data_offset: 0
data: [-0.379490839207401, 2.924196358481705, -3.116, -179.0]"
1698859320.533836,"layout: 
  dim: []
  data_offset: 0
data: [-0.38532173525169844, 2.9242218794651373, -3.118, -179.0]"
1698859320.581781,"layout: 
  dim: []
  data_offset: 0
data: [-0.3911526312959961, 2.9242474004485697, -3.119, -179.0]"
1698859320.6334267,"layout: 
  dim: []
  data_offset: 0
data: [-0.39612829447937603, 2.9237546775187653, -3.12, -179.0]"
1698859320.6716976,"layout: 
  dim: []
  data_offset: 0
data: [-0.40504313301966277, 2.9244796973809914, -3.124, -179.0]"
1698859320.721901,"layout: 
  dim: []
  data_offset: 0
data: [-0.4153314483341035, 2.924867728295537, -3.128, -179.0]"
1698859320.7733674,"layout: 
  dim: []
  data_offset: 0
data: [-0.4269932404226986, 2.924918770262402, -3.132, -179.0]"
1698859320.826019,"layout: 
  dim: []
  data_offset: 0
data: [-0.4367633118239024, 2.926162034037865, -3.135, -180.0]"
1698859320.8628511,"layout: 
  dim: []
  data_offset: 0
data: [-0.44928033677341495, 2.926731319917967, -3.139, -180.0]"
1698859320.9083488,"layout: 
  dim: []
  data_offset: 0
data: [-0.45819517531370146, 2.9274563397801936, 3.1411853071795863, 180.0]"
1698859320.9610205,"layout: 
  dim: []
  data_offset: 0
data: [-0.46796524671490525, 2.928699603555656, 3.1371853071795863, 180.0]"
1698859321.0075808,"layout: 
  dim: []
  data_offset: 0
data: [-0.47516961953335723, 2.9283881355914083, 3.135185307179586, 180.0]"
1698859321.051192,"layout: 
  dim: []
  data_offset: 0
data: [-0.4827109812994892, 2.929450144401315, 3.1321853071795864, 179.0]"
1698859321.1067476,"layout: 
  dim: []
  data_offset: 0
data: [-0.4916258198397757, 2.9301751642635407, 3.1291853071795863, 179.0]"
1698859321.1509826,"layout: 
  dim: []
  data_offset: 0
data: [-0.4991671816059081, 2.9312371730734474, 3.127185307179586, 179.0]"
1698859321.1972055,"layout: 
  dim: []
  data_offset: 0
data: [-0.5080820201461946, 2.931962192935673, 3.1241853071795864, 179.0]"
1698859321.2467499,"layout: 
  dim: []
  data_offset: 0
data: [-0.5181890804950788, 2.93457893348529, 3.1211853071795863, 179.0]"
1698859321.287661,"layout: 
  dim: []
  data_offset: 0
data: [-0.5257304422612112, 2.935640942295197, 3.118185307179586, 179.0]"
1698859321.3335469,"layout: 
  dim: []
  data_offset: 0
data: [-0.5341270368882607, 2.9372211950183402, 3.1161853071795864, 179.0]"
1698859321.3815756,"layout: 
  dim: []
  data_offset: 0
data: [-0.5425236315153104, 2.9388014477414837, 3.1131853071795863, 178.0]"
1698859321.4332342,"layout: 
  dim: []
  data_offset: 0
data: [-0.5495467493682057, 2.940718689412307, 3.111185307179586, 178.0]"
1698859321.4715314,"layout: 
  dim: []
  data_offset: 0
data: [-0.5540041686383489, 2.9410811993434205, 3.110185307179586, 178.0]"
1698859321.5242605,"layout: 
  dim: []
  data_offset: 0
data: [-0.5593168207694095, 2.9419619531877705, 3.1081853071795864, 178.0]"
1698859321.5706673,"layout: 
  dim: []
  data_offset: 0
data: [-0.5624007632653986, 2.942661452066564, 3.1081853071795864, 178.0]"
1698859321.6101599,"layout: 
  dim: []
  data_offset: 0
data: [-0.5632559961263158, 2.9431796959798007, 3.107185307179586, 178.0]"
1698859321.6668024,"layout: 
  dim: []
  data_offset: 0
data: [-0.5654847057613874, 2.9433609509453573, 3.107185307179586, 178.0]"
1698859321.7147515,"layout: 
  dim: []
  data_offset: 0
data: [-0.5694238811182938, 2.9445786937373875, 3.106185307179586, 178.0]"
1698859321.7553053,"layout: 
  dim: []
  data_offset: 0
data: [-0.5752547771625913, 2.94460421472082, 3.1041853071795864, 178.0]"
1698859321.802328,"layout: 
  dim: []
  data_offset: 0
data: [-0.5819409060678064, 2.9451479796174898, 3.103185307179586, 178.0]"
1698859321.8506622,"layout: 
  dim: []
  data_offset: 0
data: [-0.5894822678339384, 2.946209988427396, 3.1011853071795863, 178.0]"
1698859321.891692,"layout: 
  dim: []
  data_offset: 0
data: [-0.594794919964999, 2.9470907422717456, 3.099185307179586, 178.0]"
1698859321.940892,"layout: 
  dim: []
  data_offset: 0
data: [-0.6028545256443683, 2.947297518220735, 3.0971853071795863, 177.0]"
1698859321.99076,"layout: 
  dim: []
  data_offset: 0
data: [-0.6117693641846548, 2.948022538082961, 3.095185307179586, 177.0]"
1698859322.0335927,"layout: 
  dim: []
  data_offset: 0
data: [-0.6198289698640237, 2.94822931403195, 3.0931853071795863, 177.0]"
1698859322.0806565,"layout: 
  dim: []
  data_offset: 0
data: [-0.6309725180393819, 2.9491355888597326, 3.091185307179586, 177.0]"
1698859322.1363065,"layout: 
  dim: []
  data_offset: 0
data: [-0.64211606621474, 2.950041863687515, 3.0881853071795864, 177.0]"
1698859322.1836648,"layout: 
  dim: []
  data_offset: 0
data: [-0.6532596143900983, 2.9509481385152974, 3.0841853071795864, 177.0]"
1698859322.22472,"layout: 
  dim: []
  data_offset: 0
data: [-0.6616562090171478, 2.952528391238441, 3.082185307179586, 177.0]"
1698859322.2838404,"layout: 
  dim: []
  data_offset: 0
data: [-0.6727997571925061, 2.953434666066223, 3.079185307179586, 176.0]"
1698859322.3235693,"layout: 
  dim: []
  data_offset: 0
data: [-0.6834250614546273, 2.9551961737549233, 3.0761853071795864, 176.0]"
1698859322.3631723,"layout: 
  dim: []
  data_offset: 0
data: [-0.6904481793075227, 2.957113415425747, 3.0731853071795863, 176.0]"
1698859322.4111607,"layout: 
  dim: []
  data_offset: 0
data: [-0.7019287164305612, 2.9593931670276836, 3.0691853071795863, 176.0]"
1698859322.4550226,"layout: 
  dim: []
  data_offset: 0
data: [-0.7147827303277539, 2.9613359296819404, 3.0641853071795864, 176.0]"
1698859322.500789,"layout: 
  dim: []
  data_offset: 0
data: [-0.7245528017289579, 2.962579193457403, 3.0611853071795863, 175.0]"
1698859322.5505486,"layout: 
  dim: []
  data_offset: 0
data: [-0.7351781059910791, 2.964340701146103, 3.0571853071795863, 175.0]"
1698859322.5948112,"layout: 
  dim: []
  data_offset: 0
data: [-0.7449481773922828, 2.9655839649215663, 3.054185307179586, 175.0]"
1698859322.6416647,"layout: 
  dim: []
  data_offset: 0
data: [-0.7547182487934866, 2.9668272286970288, 3.050185307179586, 175.0]"
1698859322.6911356,"layout: 
  dim: []
  data_offset: 0
data: [-0.7631148434205363, 2.968407481420172, 3.047185307179586, 175.0]"
1698859322.7374315,"layout: 
  dim: []
  data_offset: 0
data: [-0.7751136244568119, 2.9698320001611913, 3.042185307179586, 174.0]"
1698859322.7807856,"layout: 
  dim: []
  data_offset: 0
data: [-0.7865941615798504, 2.972111751763128, 3.0371853071795862, 174.0]"
1698859322.830581,"layout: 
  dim: []
  data_offset: 0
data: [-0.7972194658419716, 2.9738732594518282, 3.0331853071795862, 174.0]"
1698859322.881352,"layout: 
  dim: []
  data_offset: 0
data: [-0.8087000029650103, 2.976153011053765, 3.0281853071795863, 174.0]"
1698859322.9245877,"layout: 
  dim: []
  data_offset: 0
data: [-0.8174335865397403, 2.979106740551063, 3.0251853071795862, 173.0]"
1698859322.9720442,"layout: 
  dim: []
  data_offset: 0
data: [-0.8244567043926357, 2.9810239822218865, 3.022185307179586, 173.0]"
1698859323.0311964,"layout: 
  dim: []
  data_offset: 0
data: [-0.8292511126104593, 2.9827599689271533, 3.0201853071795863, 173.0]"
1698859323.0668607,"layout: 
  dim: []
  data_offset: 0
data: [-0.8345637647415199, 2.9836407227715034, 3.018185307179586, 173.0]"
1698859323.1145198,"layout: 
  dim: []
  data_offset: 0
data: [-0.8407316497334979, 2.98503972052909, 3.0161853071795863, 173.0]"
1698859323.1628428,"layout: 
  dim: []
  data_offset: 0
data: [-0.8455260579513214, 2.986775707234358, 3.014185307179586, 173.0]"
1698859323.2145433,"layout: 
  dim: []
  data_offset: 0
data: [-0.8494652333082277, 2.987993450026388, 3.013185307179586, 173.0]"
1698859323.251051,"layout: 
  dim: []
  data_offset: 0
data: [-0.8534044086651343, 2.989211192818418, 3.0121853071795863, 173.0]"
1698859323.303249,"layout: 
  dim: []
  data_offset: 0
data: [-0.8556331183002056, 2.989392447783975, 3.0111853071795864, 173.0]"
1698859323.3511653,"layout: 
  dim: []
  data_offset: 0
data: [-0.8590540497438751, 2.9914654234369227, 3.010185307179586, 172.0]"
1698859323.391628,"layout: 
  dim: []
  data_offset: 0
data: [-0.8629932251007816, 2.992683166228953, 3.009185307179586, 172.0]"
1698859323.4420054,"layout: 
  dim: []
  data_offset: 0
data: [-0.8677876333186053, 2.9944191529342206, 3.0071853071795864, 172.0]"
1698859323.4953003,"layout: 
  dim: []
  data_offset: 0
data: [-0.8742925072582634, 2.997191627465962, 3.006185307179586, 172.0]"
1698859323.5307572,"layout: 
  dim: []
  data_offset: 0
data: [-0.8790869154760873, 2.9989276141712287, 3.005185307179586, 172.0]"
1698859323.5813406,"layout: 
  dim: []
  data_offset: 0
data: [-0.8838813236939108, 3.000663600876496, 3.0031853071795864, 172.0]"
1698859323.631133,"layout: 
  dim: []
  data_offset: 0
data: [-0.8886757319117348, 3.0023995875817633, 3.002185307179586, 172.0]"
1698859323.6710854,"layout: 
  dim: []
  data_offset: 0
data: [-0.8917596744077235, 3.0030990864605567, 3.001185307179586, 172.0]"
1698859323.7243304,"layout: 
  dim: []
  data_offset: 0
data: [-0.8979275593997017, 3.0044980842181435, 2.9991853071795864, 172.0]"
1698859323.775072,"layout: 
  dim: []
  data_offset: 0
data: [-0.9071793868876686, 3.0065965808545236, 2.998185307179586, 172.0]"
1698859323.8231878,"layout: 
  dim: []
  data_offset: 0
data: [-0.9208886336457786, 3.009057587422017, 2.9961853071795863, 172.0]"
1698859323.8606696,"layout: 
  dim: []
  data_offset: 0
data: [-0.9337426475429716, 3.011000350076274, 2.994185307179586, 172.0]"
1698859323.910722,"layout: 
  dim: []
  data_offset: 0
data: [-0.9505358367970708, 3.0141608555225607, 2.9921853071795863, 171.0]"
1698859323.9631217,"layout: 
  dim: []
  data_offset: 0
data: [-0.9620163739201092, 3.0164406071244967, 2.990185307179586, 171.0]"
1698859324.001564,"layout: 
  dim: []
  data_offset: 0
data: [-0.9765808535391368, 3.019419857605227, 2.9881853071795863, 171.0]"
1698859324.0509267,"layout: 
  dim: []
  data_offset: 0
data: [-0.9902901002972472, 3.0218808641727204, 2.985185307179586, 171.0]"
1698859324.103676,"layout: 
  dim: []
  data_offset: 0
data: [-1.0003971606461315, 3.0244976047223373, 2.9831853071795864, 171.0]"
1698859324.157051,"layout: 
  dim: []
  data_offset: 0
data: [-1.0132511745433241, 3.026440367376594, 2.9801853071795863, 171.0]"
1698859324.2066238,"layout: 
  dim: []
  data_offset: 0
data: [-1.0238764788054455, 3.028201875065294, 2.9791853071795864, 171.0]"
1698859324.2365243,"layout: 
  dim: []
  data_offset: 0
data: [-1.0353570159284837, 3.030481626667231, 2.977185307179586, 171.0]"
1698859324.2910724,"layout: 
  dim: []
  data_offset: 0
data: [-1.0442718544687701, 3.0312066465294567, 2.9751853071795864, 170.0]"
1698859324.328428,"layout: 
  dim: []
  data_offset: 0
data: [-1.0495845065998313, 3.0320874003738068, 2.974185307179586, 170.0]"
1698859324.379061,"layout: 
  dim: []
  data_offset: 0
data: [-1.0554154026441287, 3.032112921357239, 2.9721853071795863, 170.0]"
1698859324.42667,"layout: 
  dim: []
  data_offset: 0
data: [-1.0615832876361067, 3.033511919114826, 2.9711853071795864, 170.0]"
1698859324.4777467,"layout: 
  dim: []
  data_offset: 0
data: [-1.0701356162452802, 3.038694358247195, 2.9681853071795863, 170.0]"
1698859324.5192287,"layout: 
  dim: []
  data_offset: 0
data: [-1.0800614216286082, 3.043539808431884, 2.9671853071795864, 170.0]"
1698859324.565169,"layout: 
  dim: []
  data_offset: 0
data: [-1.085711062707349, 3.0457940390503886, 2.965185307179586, 170.0]"
1698859324.6151626,"layout: 
  dim: []
  data_offset: 0
data: [-1.0896502380642552, 3.0470117818424187, 2.9641853071795863, 170.0]"
1698859324.6635058,"layout: 
  dim: []
  data_offset: 0
data: [-1.0952998791429964, 3.049266012460923, 2.962185307179586, 170.0]"
1698859324.708559,"layout: 
  dim: []
  data_offset: 0
data: [-1.1018047530826545, 3.0520384869926636, 2.9601853071795863, 170.0]"
1698859324.7578325,"layout: 
  dim: []
  data_offset: 0
data: [-1.108309627022313, 3.0548109615244052, 2.958185307179586, 169.0]"
1698859324.8008215,"layout: 
  dim: []
  data_offset: 0
data: [-1.1134410241878174, 3.057920425003827, 2.9561853071795863, 169.0]"
1698859324.8481064,"layout: 
  dim: []
  data_offset: 0
data: [-1.12131937490163, 3.0603559105878873, 2.9551853071795864, 169.0]"
1698859324.8940067,"layout: 
  dim: []
  data_offset: 0
data: [-1.1300529584763597, 3.063309640085185, 2.954185307179586, 169.0]"
1698859324.9420354,"layout: 
  dim: []
  data_offset: 0
data: [-1.1387865420510899, 3.066263369582483, 2.954185307179586, 169.0]"
1698859324.9880157,"layout: 
  dim: []
  data_offset: 0
data: [-1.1449544270430678, 3.0676623673400694, 2.953185307179586, 169.0]"
1698859325.0325544,"layout: 
  dim: []
  data_offset: 0
data: [-1.1528327777568803, 3.07009785292413, 2.953185307179586, 169.0]"
1698859325.0838904,"layout: 
  dim: []
  data_offset: 0
data: [-1.1590006627488583, 3.071496850681717, 2.953185307179586, 169.0]"
1698859325.129427,"layout: 
  dim: []
  data_offset: 0
data: [-1.166023780601754, 3.0734140923525413, 2.954185307179586, 169.0]"
1698859325.1740549,"layout: 
  dim: []
  data_offset: 0
data: [-1.1721916655937314, 3.074813090110128, 2.9551853071795864, 169.0]"
1698859325.2217927,"layout: 
  dim: []
  data_offset: 0
data: [-1.1792147834466271, 3.0767303317809516, 2.9551853071795864, 169.0]"
1698859325.2711434,"layout: 
  dim: []
  data_offset: 0
data: [-1.1853826684386046, 3.0781293295385384, 2.9561853071795863, 169.0]"
1698859325.318848,"layout: 
  dim: []
  data_offset: 0
data: [-1.1968632055616433, 3.080409081140475, 2.9591853071795864, 170.0]"
1698859325.374547,"layout: 
  dim: []
  data_offset: 0
data: [-1.2105724523197536, 3.0828700877079687, 2.961185307179586, 170.0]"
1698859325.4118047,"layout: 
  dim: []
  data_offset: 0
data: [-1.224281699077864, 3.085331094275462, 2.9641853071795863, 170.0]"
1698859325.4855015,"layout: 
  dim: []
  data_offset: 0
data: [-1.23661746906182, 3.0881290897906357, 2.966185307179586, 170.0]"
1698859325.501119,"layout: 
  dim: []
  data_offset: 0
data: [-1.2472427733239408, 3.0898905974793354, 2.9681853071795863, 170.0]"
1698859325.5627928,"layout: 
  dim: []
  data_offset: 0
data: [-1.260096787221134, 3.0918333601335917, 2.9711853071795864, 170.0]"
1698859325.60139,"layout: 
  dim: []
  data_offset: 0
data: [-1.2729508011183266, 3.093776122787848, 2.974185307179586, 170.0]"
1698859325.641324,"layout: 
  dim: []
  data_offset: 0
data: [-1.2840943492936847, 3.0946823976156304, 2.977185307179586, 171.0]"
1698859325.698703,"layout: 
  dim: []
  data_offset: 0
data: [-1.2983218399650323, 3.0962881713222066, 2.982185307179586, 171.0]"
1698859325.740946,"layout: 
  dim: []
  data_offset: 0
data: [-1.3147780402714506, 3.098075199994339, 2.9871853071795864, 171.0]"
1698859325.7819536,"layout: 
  dim: []
  data_offset: 0
data: [-1.329523774856035, 3.098825740839998, 2.9921853071795863, 171.0]"
1698859325.8356187,"layout: 
  dim: []
  data_offset: 0
data: [-1.3495821615716794, 3.100457035530006, 2.997185307179586, 172.0]"
1698859325.8813143,"layout: 
  dim: []
  data_offset: 0
data: [-1.3696405482873244, 3.102088330220014, 3.002185307179586, 172.0]"
1698859325.9305725,"layout: 
  dim: []
  data_offset: 0
data: [-1.3866149925069795, 3.10302012603123, 3.006185307179586, 172.0]"
1698859325.9791927,"layout: 
  dim: []
  data_offset: 0
data: [-1.4075286120835417, 3.105169664634475, 3.0111853071795864, 173.0]"
1698859326.0248458,"layout: 
  dim: []
  data_offset: 0
data: [-1.4289604755733407, 3.106463970376803, 3.0151853071795864, 173.0]"
1698859326.0622072,"layout: 
  dim: []
  data_offset: 0
data: [-1.445416675879759, 3.108250999048935, 3.018185307179586, 173.0]"
1698859326.114749,"layout: 
  dim: []
  data_offset: 0
data: [-1.4646198297344868, 3.1093640498257074, 3.021185307179586, 173.0]"
1698859326.162703,"layout: 
  dim: []
  data_offset: 0
data: [-1.48244950681506, 3.1108140895501593, 3.0231853071795864, 173.0]"
1698859326.2112145,"layout: 
  dim: []
  data_offset: 0
data: [-1.4980504742605611, 3.1120828743090545, 3.0251853071795862, 173.0]"
1698859326.2531023,"layout: 
  dim: []
  data_offset: 0
data: [-1.508338789575002, 3.1124709052236, 3.026185307179586, 173.0]"
1698859326.3120456,"layout: 
  dim: []
  data_offset: 0
data: [-1.5203375706112774, 3.1138954239646193, 3.0271853071795864, 173.0]"
1698859326.3511622,"layout: 
  dim: []
  data_offset: 0
data: [-1.530107642012481, 3.1151386877400826, 3.0281853071795863, 174.0]"
1698859326.394591,"layout: 
  dim: []
  data_offset: 0
data: [-1.5362755270044595, 3.1165376854976694, 3.0281853071795863, 174.0]"
1698859326.4413455,"layout: 
  dim: []
  data_offset: 0
data: [-1.5402147023613657, 3.1177554282896995, 3.0281853071795863, 174.0]"
1698859326.4924552,"layout: 
  dim: []
  data_offset: 0
data: [-1.5432986448573542, 3.118454927168493, 3.0291853071795862, 174.0]"
1698859326.5313063,"layout: 
  dim: []
  data_offset: 0
data: [-1.5446721216315091, 3.118117938220813, 3.0291853071795862, 174.0]"
1698859326.5912125,"layout: 
  dim: []
  data_offset: 0
data: [-1.5477560641274977, 3.1188174370996062, 3.0291853071795862, 174.0]"
1698859326.6347656,"layout: 
  dim: []
  data_offset: 0
data: [-1.551695239484404, 3.1200351798916364, 3.030185307179586, 174.0]"
1698859326.692435,"layout: 
  dim: []
  data_offset: 0
data: [-1.5556344148413106, 3.1212529226836665, 3.0311853071795865, 174.0]"
1698859326.7351198,"layout: 
  dim: []
  data_offset: 0
data: [-1.5592366012505363, 3.121097188701543, 3.0321853071795863, 174.0]"
1698859326.7650867,"layout: 
  dim: []
  data_offset: 0
data: [-1.564549253381597, 3.121977942545893, 3.0331853071795862, 174.0]"
1698859326.820855,"layout: 
  dim: []
  data_offset: 0
data: [-1.5698619055126577, 3.122858696390243, 3.034185307179586, 174.0]"
1698859326.8617873,"layout: 
  dim: []
  data_offset: 0
data: [-1.5738010808695644, 3.1240764391822733, 3.035185307179586, 174.0]"
1698859326.9143379,"layout: 
  dim: []
  data_offset: 0
data: [-1.5782585001397074, 3.124438949113386, 3.0361853071795863, 174.0]"
1698859326.960897,"layout: 
  dim: []
  data_offset: 0
data: [-1.5827159194098508, 3.124801459044499, 3.038185307179586, 174.0]"
1698859327.0008051,"layout: 
  dim: []
  data_offset: 0
data: [-1.588028571540911, 3.125682212888849, 3.0401853071795863, 174.0]"
1698859327.0522208,"layout: 
  dim: []
  data_offset: 0
data: [-1.5955699333070434, 3.1267442216987558, 3.042185307179586, 174.0]"
1698859327.1011736,"layout: 
  dim: []
  data_offset: 0
data: [-1.6031112950731754, 3.1278062305086616, 3.0441853071795864, 174.0]"
1698859327.1413112,"layout: 
  dim: []
  data_offset: 0
data: [-1.6106526568393078, 3.1288682393185683, 3.047185307179586, 175.0]"
1698859327.1914186,"layout: 
  dim: []
  data_offset: 0
data: [-1.6212779611014292, 3.1306297470072684, 3.050185307179586, 175.0]"
1698859327.2386408,"layout: 
  dim: []
  data_offset: 0
data: [-1.6310480325026333, 3.1318730107827313, 3.0531853071795862, 175.0]"
1698859327.2851164,"layout: 
  dim: []
  data_offset: 0
data: [-1.643902046399826, 3.1338157734369876, 3.0561853071795864, 175.0]"
1698859327.3321164,"layout: 
  dim: []
  data_offset: 0
data: [-1.6559008274361013, 3.135240292178007, 3.0601853071795864, 175.0]"
1698859327.3846202,"layout: 
  dim: []
  data_offset: 0
data: [-1.6678996084723767, 3.1366648109190263, 3.0641853071795864, 176.0]"
1698859327.444935,"layout: 
  dim: []
  data_offset: 0
data: [-1.6812718662828066, 3.1377523407123653, 3.0681853071795864, 176.0]"
1698859327.4686205,"layout: 
  dim: []
  data_offset: 0
data: [-1.690186704823093, 3.1384773605745915, 3.071185307179586, 176.0]"
1698859327.526677,"layout: 
  dim: []
  data_offset: 0
data: [-1.7066429051295118, 3.140264389246724, 3.075185307179586, 176.0]"
1698859327.5896046,"layout: 
  dim: []
  data_offset: 0
data: [-1.7213886397140956, 3.1410149300923824, 3.078185307179586, 176.0]"
1698859327.6116645,"layout: 
  dim: []
  data_offset: 0
data: [-1.7339056646636086, 3.1415842159724843, 3.082185307179586, 177.0]"
1698859327.6561406,"layout: 
  dim: []
  data_offset: 0
data: [-1.7477961663872752, 3.1418165129049065, 3.086185307179586, 177.0]"
1698859327.7043488,"layout: 
  dim: []
  data_offset: 0
data: [-1.763915377746013, 3.1422300648028845, 3.090185307179586, 177.0]"
1698859327.758787,"layout: 
  dim: []
  data_offset: 0
data: [-1.7769506466087628, 3.141944117822069, 3.0931853071795863, 177.0]"
1698859327.8043604,"layout: 
  dim: []
  data_offset: 0
data: [-1.789985915471512, 3.1416581708412536, 3.0961853071795864, 177.0]"
1698859327.900226,"layout: 
  dim: []
  data_offset: 0
data: [-1.8119360228745482, 3.142097243722665, 3.1011853071795863, 178.0]"
1698859327.970797,"layout: 
  dim: []
  data_offset: 0
data: [-1.8182851628320824, 3.14126753184518, 3.103185307179586, 178.0]"
1698859327.985531,"layout: 
  dim: []
  data_offset: 0
data: [-1.826344768511451, 3.1414743077941685, 3.1051853071795863, 178.0]"
1698859328.0315557,"layout: 
  dim: []
  data_offset: 0
data: [-1.8335491413299034, 3.1411628398299207, 3.107185307179586, 178.0]"
1698859328.0826042,"layout: 
  dim: []
  data_offset: 0
data: [-1.8393800373742009, 3.141188360813354, 3.1091853071795863, 178.0]"
1698859328.1321025,"layout: 
  dim: []
  data_offset: 0
data: [-1.8507048405151152, 3.139865926006064, 3.1131853071795863, 178.0]"
1698859328.1827304,"layout: 
  dim: []
  data_offset: 0
data: [-1.8601379229686388, 3.139735713007373, 3.1161853071795864, 179.0]"
1698859328.2243516,"layout: 
  dim: []
  data_offset: 0
data: [-1.8656318300652561, 3.138387757216651, 3.118185307179586, 179.0]"
1698859328.2718544,"layout: 
  dim: []
  data_offset: 0
data: [-1.8719809700227907, 3.1375580453391665, 3.122185307179586, 179.0]"
1698859328.3211224,"layout: 
  dim: []
  data_offset: 0
data: [-1.8761014003452532, 3.1365470784961254, 3.1241853071795864, 179.0]"
1698859328.3626177,"layout: 
  dim: []
  data_offset: 0
data: [-1.878330109980325, 3.136728333461682, 3.126185307179586, 179.0]"
1698859328.4057696,"layout: 
  dim: []
  data_offset: 0
data: [-1.8797035867544793, 3.136391344514001, 3.127185307179586, 179.0]"
1698859328.4665833,"layout: 
  dim: []
  data_offset: 0
data: [-1.8810770635286334, 3.136054355566321, 3.1281853071795864, 179.0]"
1698859328.502721,"layout: 
  dim: []
  data_offset: 0
data: [-1.8824505403027882, 3.135717366618641, 3.1291853071795863, 179.0]"
1698859328.5529783,"layout: 
  dim: []
  data_offset: 0
data: [-1.8846792499378595, 3.1358986215841966, 3.131185307179586, 179.0]"
1698859328.6038055,"layout: 
  dim: []
  data_offset: 0
data: [-1.887426203486168, 3.1352246436888365, 3.134185307179586, 180.0]"
1698859328.6450298,"layout: 
  dim: []
  data_offset: 0
data: [-1.8910283898953937, 3.135068909706712, 3.135185307179586, 180.0]"
1698859328.6950078,"layout: 
  dim: []
  data_offset: 0
data: [-1.8924018666695481, 3.134731920759032, 3.1361853071795864, 180.0]"
1698859328.7457683,"layout: 
  dim: []
  data_offset: 0
data: [-1.8932570995304654, 3.135250164672269, 3.138185307179586, 180.0]"
1698859328.7957983,"layout: 
  dim: []
  data_offset: 0
data: [-1.895485809165537, 3.1354314196378255, 3.1401853071795864, 180.0]"
1698859328.832765,"layout: 
  dim: []
  data_offset: 0
data: [-1.9004614723489173, 3.134938696708021, -3.141, -180.0]"
1698859328.8893144,"layout: 
  dim: []
  data_offset: 0
data: [-1.9071476012541324, 3.1354824616046906, -3.136, -180.0]"
1698859328.934618,"layout: 
  dim: []
  data_offset: 0
data: [-1.9165806837076556, 3.135352248605999, -3.129, -179.0]"
1698859328.9712362,"layout: 
  dim: []
  data_offset: 0
data: [-1.9251585333002623, 3.134703791694071, -3.125, -179.0]"
1698859329.0247374,"layout: 
  dim: []
  data_offset: 0
data: [-1.9345916157537855, 3.1345735786953792, -3.12, -179.0]"
1698859329.070873,"layout: 
  dim: []
  data_offset: 0
data: [-1.941795988572237, 3.1342621107311315, -3.116, -179.0]"
1698859329.1149364,"layout: 
  dim: []
  data_offset: 0
data: [-1.9448799310682263, 3.134961609609925, -3.114, -178.0]"
1698859329.1605585,"layout: 
  dim: []
  data_offset: 0
data: [-1.948482117477452, 3.1348058756278014, -3.111, -178.0]"
1698859329.2117653,"layout: 
  dim: []
  data_offset: 0
data: [-1.9562047342091406, 3.133639174802636, -3.105, -178.0]"
1698859329.2547715,"layout: 
  dim: []
  data_offset: 0
data: [-1.964782583801747, 3.1329907178907073, -3.1, -178.0]"
1698859329.3032572,"layout: 
  dim: []
  data_offset: 0
data: [-1.975252154081744, 3.1311500391701816, -3.093, -177.0]"
1698859329.3512902,"layout: 
  dim: []
  data_offset: 0
data: [-1.9865769572226588, 3.1298276043628928, -3.086, -177.0]"
1698859329.390831,"layout: 
  dim: []
  data_offset: 0
data: [-1.9956730507285019, 3.128323914590047, -3.079, -176.0]"
1698859329.4410248,"layout: 
  dim: []
  data_offset: 0
data: [-2.006660864921736, 3.125628003008604, -3.072, -176.0]"
1698859329.4938622,"layout: 
  dim: []
  data_offset: 0
data: [-2.017130435201733, 3.1237873242880774, -3.065, -176.0]"
1698859329.5313375,"layout: 
  dim: []
  data_offset: 0
data: [-2.024853051933422, 3.122620623462912, -3.06, -175.0]"
1698859329.6534007,"layout: 
  dim: []
  data_offset: 0
data: [-2.035840866126656, 3.1199247118814686, -3.054, -175.0]"
1698859329.653445,"layout: 
  dim: []
  data_offset: 0
data: [-2.0463104364066536, 3.118084033160943, -3.048, -175.0]"
1698859329.6813302,"layout: 
  dim: []
  data_offset: 0
data: [-2.0554065299124966, 3.1165803433880974, -3.043, -174.0]"
1698859329.7226489,"layout: 
  dim: []
  data_offset: 0
data: [-2.067249576966648, 3.114402675719891, -3.035, -174.0]"
1698859329.8002503,"layout: 
  dim: []
  data_offset: 0
data: [-2.079947856881717, 3.112743251964921, -3.031, -174.0]"
1698859329.8237228,"layout: 
  dim: []
  data_offset: 0
data: [-2.0898991832484777, 3.111757806105312, -3.027, -173.0]"
1698859329.8905876,"layout: 
  dim: []
  data_offset: 0
data: [-2.0943566025186207, 3.1121203160364255, -3.025, -173.0]"
1698859329.913044,"layout: 
  dim: []
  data_offset: 0
data: [-2.095211835379538, 3.112638559949662, -3.025, -173.0]"
1698859329.9683855,"layout: 
  dim: []
  data_offset: 0
data: [-2.092983125744466, 3.1124573049841056, -3.027, -173.0]"
1698859330.0062478,"layout: 
  dim: []
  data_offset: 0
data: [-2.0943566025186207, 3.1121203160364255, -3.025, -173.0]"
1698859330.0670269,"layout: 
  dim: []
  data_offset: 0
data: [-2.095211835379538, 3.112638559949662, -3.024, -173.0]"
1698859330.099907,"layout: 
  dim: []
  data_offset: 0
data: [-2.095211835379538, 3.112638559949662, -3.024, -173.0]"
1698859330.141557,"layout: 
  dim: []
  data_offset: 0
data: [-2.0943566025186207, 3.1121203160364255, -3.025, -173.0]"
1698859330.1911762,"layout: 
  dim: []
  data_offset: 0
data: [-2.095211835379538, 3.112638559949662, -3.025, -173.0]"
1698859330.2365491,"layout: 
  dim: []
  data_offset: 0
data: [-2.095211835379538, 3.112638559949662, -3.024, -173.0]"
1698859330.2807732,"layout: 
  dim: []
  data_offset: 0
data: [-2.095211835379538, 3.112638559949662, -3.024, -173.0]"
1698859330.3342543,"layout: 
  dim: []
  data_offset: 0
data: [-2.095211835379538, 3.112638559949662, -3.025, -173.0]"
1698859330.3813121,"layout: 
  dim: []
  data_offset: 0
data: [-2.095211835379538, 3.112638559949662, -3.026, -173.0]"
1698859330.4335036,"layout: 
  dim: []
  data_offset: 0
data: [-2.095211835379538, 3.112638559949662, -3.025, -173.0]"
1698859330.4719827,"layout: 
  dim: []
  data_offset: 0
data: [-2.098814021788764, 3.112482825967539, -3.024, -173.0]"
1698859330.517589,"layout: 
  dim: []
  data_offset: 0
data: [-2.1065366385204527, 3.1113161251423733, -3.019, -173.0]"
1698859330.5666358,"layout: 
  dim: []
  data_offset: 0
data: [-2.11734319774813, 3.1108489231960013, -3.015, -173.0]"
1698859330.6110022,"layout: 
  dim: []
  data_offset: 0
data: [-2.123174093792428, 3.1108744441794345, -3.011, -173.0]"
1698859330.6625793,"layout: 
  dim: []
  data_offset: 0
data: [-2.1308967105241168, 3.109707743354269, -3.007, -172.0]"
1698859330.7069442,"layout: 
  dim: []
  data_offset: 0
data: [-2.136727606568414, 3.1097332643377014, -3.004, -172.0]"
1698859330.7514958,"layout: 
  dim: []
  data_offset: 0
data: [-2.14032979297764, 3.1095775303555775, -3.002, -172.0]"
1698859330.8070443,"layout: 
  dim: []
  data_offset: 0
data: [-2.1447872122477833, 3.1099400402866904, -2.999, -172.0]"
1698859330.8546083,"layout: 
  dim: []
  data_offset: 0
data: [-2.1497628754311635, 3.109447317356886, -2.996, -172.0]"
1698859330.908179,"layout: 
  dim: []
  data_offset: 0
data: [-2.155593771475461, 3.1094728383403187, -2.992, -171.0]"
1698859330.9466267,"layout: 
  dim: []
  data_offset: 0
data: [-2.162798144293913, 3.109161370376071, -2.986, -171.0]"
1698859331.0049314,"layout: 
  dim: []
  data_offset: 0
data: [-2.172749470660673, 3.108175924516462, -2.98, -171.0]"
1698859331.0545802,"layout: 
  dim: []
  data_offset: 0
data: [-2.1813273202532795, 3.107527467604534, -2.973, -170.0]"
1698859331.1038153,"layout: 
  dim: []
  data_offset: 0
data: [-2.1926521233941942, 3.106205032797245, -2.965, -170.0]"
1698859331.1365988,"layout: 
  dim: []
  data_offset: 0
data: [-2.204832159396026, 3.105400841903193, -2.956, -169.0]"
1698859331.2002478,"layout: 
  dim: []
  data_offset: 0
data: [-2.2161569625369406, 3.104078407095903, -2.948, -169.0]"
1698859331.2372577,"layout: 
  dim: []
  data_offset: 0
data: [-2.2233613353553925, 3.1037669391316554, -2.943, -169.0]"
1698859331.2966785,"layout: 
  dim: []
  data_offset: 0
data: [-2.230565708173844, 3.1034554711674076, -2.938, -168.0]"
1698859331.3375196,"layout: 
  dim: []
  data_offset: 0
data: [-2.2350231274439873, 3.103817981098521, -2.935, -168.0]"
1698859331.3933618,"layout: 
  dim: []
  data_offset: 0
data: [-2.2386253138532135, 3.1036622471163966, -2.932, -168.0]"
1698859331.4113274,"layout: 
  dim: []
  data_offset: 0
data: [-2.241372267401522, 3.1029882692210364, -2.929, -168.0]"
1698859331.4622848,"layout: 
  dim: []
  data_offset: 0
data: [-2.246347930584902, 3.1024955462912316, -2.924, -168.0]"
1698859331.5011487,"layout: 
  dim: []
  data_offset: 0
data: [-2.2513235937682823, 3.1020028233614276, -2.919, -167.0]"
1698859331.5547285,"layout: 
  dim: []
  data_offset: 0
data: [-2.2595644544132076, 3.0999808896753445, -2.912, -167.0]"
1698859331.5927496,"layout: 
  dim: []
  data_offset: 0
data: [-2.2664318382839794, 3.0982959449369423, -2.905, -166.0]"
1698859331.6484375,"layout: 
  dim: []
  data_offset: 0
data: [-2.275527931789822, 3.0967922551640967, -2.897, -166.0]"
1698859331.6887953,"layout: 
  dim: []
  data_offset: 0
data: [-2.287370978843974, 3.09461458749589, -2.886, -165.0]"
1698859331.734776,"layout: 
  dim: []
  data_offset: 0
data: [-2.298358793037208, 3.091918675914447, -2.875, -165.0]"
1698859331.7811832,"layout: 
  dim: []
  data_offset: 0
data: [-2.306987684596679, 3.0796084269139232, -2.857, -164.0]"
1698859331.8327425,"layout: 
  dim: []
  data_offset: 0
data: [-2.3184937427031502, 3.076057282471563, -2.847, -163.0]"
1698859331.8752632,"layout: 
  dim: []
  data_offset: 0
data: [-2.3344572200797646, 3.0728686479603153, -2.837, -163.0]"
1698859331.9495742,"layout: 
  dim: []
  data_offset: 0
data: [-2.3560703385351203, 3.0719342440675717, -2.826, -162.0]"
1698859331.9735205,"layout: 
  dim: []
  data_offset: 0
data: [-2.3742370045633736, 3.074757760566178, -2.819, -162.0]"
1698859332.0147114,"layout: 
  dim: []
  data_offset: 0
data: [-2.38779051733936, 3.0736165807244453, -2.811, -161.0]"
1698859332.0626912,"layout: 
  dim: []
  data_offset: 0
data: [-2.4001518083067483, 3.0705836801953215, -2.803, -161.0]"
1698859332.1116064,"layout: 
  dim: []
  data_offset: 0
data: [-2.416115285683363, 3.0673950456840737, -2.793, -160.0]"
1698859332.1807325,"layout: 
  dim: []
  data_offset: 0
data: [-2.431741774112297, 3.0628329343986715, -2.784, -160.0]"
1698859332.2106876,"layout: 
  dim: []
  data_offset: 0
data: [-2.44703127359355, 3.0568973463391154, -2.774, -159.0]"
1698859332.2538385,"layout: 
  dim: []
  data_offset: 0
data: [-2.4590555756132586, 3.052490969035837, -2.767, -159.0]"
1698859332.309329,"layout: 
  dim: []
  data_offset: 0
data: [-2.4715981215462035, 3.047229358871642, -2.757, -158.0]"
1698859332.3525043,"layout: 
  dim: []
  data_offset: 0
data: [-2.483285434618231, 3.0414495047942096, -2.75, -158.0]"
1698859332.39104,"layout: 
  dim: []
  data_offset: 0
data: [-2.494454503777022, 3.0365248835776946, -2.743, -157.0]"
1698859332.446229,"layout: 
  dim: []
  data_offset: 0
data: [-2.5037318522484213, 3.0327924841697773, -2.737, -157.0]"
1698859332.4887953,"layout: 
  dim: []
  data_offset: 0
data: [-2.515419165320449, 3.0270126300923446, -2.73, -156.0]"
1698859332.5303943,"layout: 
  dim: []
  data_offset: 0
data: [-2.528479955166631, 3.020895787067232, -2.722, -156.0]"
1698859332.582292,"layout: 
  dim: []
  data_offset: 0
data: [-2.538793791464504, 3.01545292193748, -2.717, -156.0]"
1698859332.628269,"layout: 
  dim: []
  data_offset: 0
data: [-2.551336337397449, 3.0101913117732844, -2.713, -155.0]"
1698859332.6715055,"layout: 
  dim: []
  data_offset: 0
data: [-2.5616501736953223, 3.004748446643533, -2.708, -155.0]"
1698859332.7214682,"layout: 
  dim: []
  data_offset: 0
data: [-2.5692170564448875, 2.999979559409142, -2.704, -155.0]"
1698859332.7694688,"layout: 
  dim: []
  data_offset: 0
data: [-2.5743739745938243, 2.9972581268442657, -2.7, -155.0]"
1698859332.8165658,"layout: 
  dim: []
  data_offset: 0
data: [-2.5833143341175435, 2.992152250662194, -2.694, -154.0]"
1698859332.86117,"layout: 
  dim: []
  data_offset: 0
data: [-2.59310992650218, 2.9875646183933595, -2.689, -154.0]"
1698859332.9094357,"layout: 
  dim: []
  data_offset: 0
data: [-2.5982668446511163, 2.9848431858284834, -2.687, -154.0]"
1698859332.9611049,"layout: 
  dim: []
  data_offset: 0
data: [-2.5991220775120336, 2.9853614297417206, -2.686, -154.0]"
1698859333.007224,"layout: 
  dim: []
  data_offset: 0
data: [-2.597748600737879, 2.9856984186894007, -2.686, -154.0]"
1698859333.0564463,"layout: 
  dim: []
  data_offset: 0
data: [-2.597748600737879, 2.9856984186894007, -2.686, -154.0]"
1698859333.1008456,"layout: 
  dim: []
  data_offset: 0
data: [-2.6010137981994252, 2.984169207933123, -2.684, -154.0]"
1698859333.142075,"layout: 
  dim: []
  data_offset: 0
data: [-2.608062437035753, 2.9802555535596493, -2.68, -154.0]"
1698859333.1946084,"layout: 
  dim: []
  data_offset: 0
data: [-2.615629319785318, 2.9754866663252577, -2.674, -153.0]"
1698859333.2433767,"layout: 
  dim: []
  data_offset: 0
data: [-2.6259431560831907, 2.970043801195506, -2.666, -153.0]"
1698859333.2866333,"layout: 
  dim: []
  data_offset: 0
data: [-2.6362569923810644, 2.964600936065754, -2.659, -152.0]"
1698859333.3339942,"layout: 
  dim: []
  data_offset: 0
data: [-2.6498360261404836, 2.9576288601797236, -2.651, -152.0]"
1698859333.3809264,"layout: 
  dim: []
  data_offset: 0
data: [-2.659294629577439, 2.9516677511367346, -2.643, -151.0]"
1698859333.4249659,"layout: 
  dim: []
  data_offset: 0
data: [-2.6696084658753123, 2.946224886006983, -2.635, -151.0]"
1698859333.4726167,"layout: 
  dim: []
  data_offset: 0
data: [-2.687489184922751, 2.93601313364284, -2.621, -150.0]"
1698859333.522506,"layout: 
  dim: []
  data_offset: 0
data: [-2.707779868570817, 2.923753926609182, -2.608, -149.0]"
1698859333.5709696,"layout: 
  dim: []
  data_offset: 0
data: [-2.723250623017627, 2.915589628914554, -2.6, -149.0]"
1698859333.6174335,"layout: 
  dim: []
  data_offset: 0
data: [-2.7387213774644374, 2.9074253312199256, -2.593, -149.0]"
1698859333.6622279,"layout: 
  dim: []
  data_offset: 0
data: [-2.750227435570908, 2.903874186777565, -2.588, -148.0]"
1698859333.7118623,"layout: 
  dim: []
  data_offset: 0
data: [-2.7589865401290705, 2.900997020230565, -2.584, -148.0]"
1698859333.7511837,"layout: 
  dim: []
  data_offset: 0
data: [-2.770829587183223, 2.8988193525623585, -2.577, -148.0]"
1698859333.8032403,"layout: 
  dim: []
  data_offset: 0
data: [-2.7842273659770846, 2.8940759863114005, -2.569, -147.0]"
1698859333.845936,"layout: 
  dim: []
  data_offset: 0
data: [-2.795396435135876, 2.889151365094885, -2.562, -147.0]"
1698859333.8973827,"layout: 
  dim: []
  data_offset: 0
data: [-2.8108671895826856, 2.880987067400257, -2.554, -146.0]"
1698859333.9462976,"layout: 
  dim: []
  data_offset: 0
data: [-2.8249644672553416, 2.8731597586533097, -2.546, -146.0]"
1698859333.9996552,"layout: 
  dim: []
  data_offset: 0
data: [-2.8376882681538427, 2.8656694388540425, -2.541, -146.0]"
1698859334.0317903,"layout: 
  dim: []
  data_offset: 0
data: [-2.847665115504036, 2.8588530969501367, -2.538, -145.0]"
1698859334.0848124,"layout: 
  dim: []
  data_offset: 0
data: [-2.85953368354162, 2.850844533237632, -2.531, -145.0]"
1698859334.132156,"layout: 
  dim: []
  data_offset: 0
data: [-2.8714022515792044, 2.8428359695251286, -2.522, -144.0]"
1698859334.1848257,"layout: 
  dim: []
  data_offset: 0
data: [-2.883270819616788, 2.834827405812624, -2.513, -144.0]"
1698859334.2214549,"layout: 
  dim: []
  data_offset: 0
data: [-2.891874190192827, 2.8283480528563985, -2.507, -144.0]"
1698859334.2804983,"layout: 
  dim: []
  data_offset: 0
data: [-2.9023692814562567, 2.820676478091575, -2.5, -143.0]"
1698859334.3180177,"layout: 
  dim: []
  data_offset: 0
data: [-2.909080931344904, 2.815389346943947, -2.494, -143.0]"
1698859334.36227,"layout: 
  dim: []
  data_offset: 0
data: [-2.9163108251467884, 2.8092469829354014, -2.488, -143.0]"
1698859334.4121766,"layout: 
  dim: []
  data_offset: 0
data: [-2.9221672421745186, 2.8034416078745363, -2.482, -142.0]"
1698859334.4629464,"layout: 
  dim: []
  data_offset: 0
data: [-2.9285419031154856, 2.7967809999527544, -2.475, -142.0]"
1698859334.506937,"layout: 
  dim: []
  data_offset: 0
data: [-2.9330248433690613, 2.79131261383957, -2.469, -141.0]"
1698859334.5534782,"layout: 
  dim: []
  data_offset: 0
data: [-2.9404359921365026, 2.782941540195953, -2.461, -141.0]"
1698859334.8469324,"layout: 
  dim: []
  data_offset: 0
data: [-2.9540660678627866, 2.764307672221327, -2.445, -140.0]"
1698859334.8915148,"layout: 
  dim: []
  data_offset: 0
data: [-2.9747703034088313, 2.735929253828931, -2.421, -139.0]"
1698859334.938147,"layout: 
  dim: []
  data_offset: 0
data: [-2.9809892303676744, 2.7256664594979227, -2.413, -138.0]"
1698859334.9874723,"layout: 
  dim: []
  data_offset: 0
data: [-2.984616937760333, 2.7196798294715014, -2.409, -138.0]"
1698859335.036555,"layout: 
  dim: []
  data_offset: 0
data: [-2.986871168378837, 2.7140301883927602, -2.404, -138.0]"
1698859335.0832262,"layout: 
  dim: []
  data_offset: 0
data: [-2.9910171196847326, 2.7071883255054217, -2.399, -137.0]"
1698859335.1376066,"layout: 
  dim: []
  data_offset: 0
data: [-2.994644827077391, 2.701201695479, -2.395, -137.0]"
1698859335.1788492,"layout: 
  dim: []
  data_offset: 0
data: [-2.9984537894356054, 2.6929863558175064, -2.389, -137.0]"
1698859335.2251656,"layout: 
  dim: []
  data_offset: 0
data: [-3.002081496828264, 2.686999725791085, -2.385, -137.0]"
1698859335.2704136,"layout: 
  dim: []
  data_offset: 0
data: [-3.003636228567975, 2.6844340272083334, -2.383, -137.0]"
1698859335.3259614,"layout: 
  dim: []
  data_offset: 0
data: [-3.003117984654738, 2.6852892600692506, -2.383, -137.0]"
1698859335.3610408,"layout: 
  dim: []
  data_offset: 0
data: [-3.001744507880584, 2.6856262490169307, -2.383, -137.0]"
1698859335.4300892,"layout: 
  dim: []
  data_offset: 0
data: [-3.003117984654738, 2.6852892600692506, -2.383, -137.0]"
1698859335.4613252,"layout: 
  dim: []
  data_offset: 0
data: [-3.0041544724812117, 2.683578794347416, -2.382, -136.0]"
1698859335.503776,"layout: 
  dim: []
  data_offset: 0
data: [-3.007600924908314, 2.679820873956066, -2.38, -136.0]"
1698859335.5548418,"layout: 
  dim: []
  data_offset: 0
data: [-3.012939098022807, 2.6748707317561187, -2.377, -136.0]"
1698859335.6010916,"layout: 
  dim: []
  data_offset: 0
data: [-3.020868490703485, 2.6656444252515845, -2.372, -136.0]"
1698859335.6467288,"layout: 
  dim: []
  data_offset: 0
data: [-3.0303526151238733, 2.6538524201642977, -2.366, -136.0]"
1698859335.6917982,"layout: 
  dim: []
  data_offset: 0
data: [-3.039836739544262, 2.6420604150770117, -2.359, -135.0]"
1698859335.7420983,"layout: 
  dim: []
  data_offset: 0
data: [-3.048621365085857, 2.633352352485714, -2.353, -135.0]"
1698859335.7894704,"layout: 
  dim: []
  data_offset: 0
data: [-3.056032513853298, 2.624981278842097, -2.348, -135.0]"
1698859335.8330505,"layout: 
  dim: []
  data_offset: 0
data: [-3.0655166382736865, 2.6131892737548106, -2.341, -134.0]"
1698859335.8848076,"layout: 
  dim: []
  data_offset: 0
data: [-3.074819507728519, 2.6036259783025955, -2.334, -134.0]"
1698859335.9292767,"layout: 
  dim: []
  data_offset: 0
data: [-3.0858583638886183, 2.5892682746325573, -2.326, -133.0]"
1698859335.9759638,"layout: 
  dim: []
  data_offset: 0
data: [-3.097752452909635, 2.575428814875756, -2.317, -133.0]"
1698859336.0302677,"layout: 
  dim: []
  data_offset: 0
data: [-3.1072365773300232, 2.5636368097884694, -2.312, -132.0]"
1698859336.0749846,"layout: 
  dim: []
  data_offset: 0
data: [-3.113792493236547, 2.5547474922316153, -2.306, -132.0]"
1698859336.1215162,"layout: 
  dim: []
  data_offset: 0
data: [-3.1187936774033593, 2.5484238732575135, -2.304, -132.0]"
1698859336.162963,"layout: 
  dim: []
  data_offset: 0
data: [-3.1248313493966466, 2.540389788561577, -2.297, -132.0]"
1698859336.2150548,"layout: 
  dim: []
  data_offset: 0
data: [-3.1327607420773242, 2.5311634820570426, -2.292, -131.0]"
1698859336.2527335,"layout: 
  dim: []
  data_offset: 0
data: [-3.1398349018970846, 2.521418931639271, -2.287, -131.0]"
1698859336.3026772,"layout: 
  dim: []
  data_offset: 0
data: [-3.1489820373697928, 2.508253449777831, -2.281, -131.0]"
1698859336.3551252,"layout: 
  dim: []
  data_offset: 0
data: [-3.157610928929264, 2.4959432007773072, -2.276, -130.0]"
1698859336.3976812,"layout: 
  dim: []
  data_offset: 0
data: [-3.16331161197487, 2.486535639307216, -2.271, -130.0]"
1698859336.441602,"layout: 
  dim: []
  data_offset: 0
data: [-3.1679758071940025, 2.47883854355896, -2.267, -130.0]"
1698859336.503125,"layout: 
  dim: []
  data_offset: 0
data: [-3.173676490239609, 2.4694309820888694, -2.261, -130.0]"
1698859336.5381944,"layout: 
  dim: []
  data_offset: 0
data: [-3.178858929371978, 2.460878653479696, -2.258, -129.0]"
1698859336.5891674,"layout: 
  dim: []
  data_offset: 0
data: [-3.185077856330821, 2.4506158591486873, -2.253, -129.0]"
1698859336.6385136,"layout: 
  dim: []
  data_offset: 0
data: [-3.1918150272029013, 2.439497831956762, -2.248, -129.0]"
1698859336.6803374,"layout: 
  dim: []
  data_offset: 0
data: [-3.1980339541617444, 2.4292350376257534, -2.243, -129.0]"
1698859336.7215176,"layout: 
  dim: []
  data_offset: 0
data: [-3.2023611604331963, 2.420164465103343, -2.239, -128.0]"
1698859336.7747178,"layout: 
  dim: []
  data_offset: 0
data: [-3.2085800873920394, 2.409901670772335, -2.231, -128.0]"
1698859336.8171697,"layout: 
  dim: []
  data_offset: 0
data: [-3.2139437814899647, 2.3991206325280903, -2.229, -128.0]"
1698859336.8634655,"layout: 
  dim: []
  data_offset: 0
data: [-3.2193074755878905, 2.388339594283845, -2.224, -127.0]"
1698859336.915719,"layout: 
  dim: []
  data_offset: 0
data: [-3.22448991472026, 2.3797872656746715, -2.217, -127.0]"
1698859336.9572234,"layout: 
  dim: []
  data_offset: 0
data: [-3.2314083405578966, 2.366440528847674, -2.211, -127.0]"
1698859337.0022159,"layout: 
  dim: []
  data_offset: 0
data: [-3.2367720346558224, 2.355659490603429, -2.205, -126.0]"
1698859337.0483446,"layout: 
  dim: []
  data_offset: 0
data: [-3.2447269483199324, 2.340602288054597, -2.199, -126.0]"
1698859337.0965736,"layout: 
  dim: []
  data_offset: 0
data: [-3.252163618070806, 2.326400318366683, -2.193, -126.0]"
1698859337.1412737,"layout: 
  dim: []
  data_offset: 0
data: [-3.2577085671342885, 2.313390570487366, -2.187, -125.0]"
1698859337.1909332,"layout: 
  dim: []
  data_offset: 0
data: [-3.264108749058688, 2.3008990665212856, -2.181, -125.0]"
1698859337.2411387,"layout: 
  dim: []
  data_offset: 0
data: [-3.26843595533014, 2.2918284939988753, -2.177, -125.0]"
1698859337.288868,"layout: 
  dim: []
  data_offset: 0
data: [-3.273462660480386, 2.279673978980476, -2.17, -124.0]"
1698859337.3319895,"layout: 
  dim: []
  data_offset: 0
data: [-3.2791633435259917, 2.2702664175103857, -2.165, -124.0]"
1698859337.3801568,"layout: 
  dim: []
  data_offset: 0
data: [-3.284527037623917, 2.25948537926614, -2.159, -124.0]"
1698859337.4228144,"layout: 
  dim: []
  data_offset: 0
data: [-3.2907459645827606, 2.249222584935132, -2.155, -123.0]"
1698859337.4816878,"layout: 
  dim: []
  data_offset: 0
data: [-3.294891915888656, 2.242380722047793, -2.149, -123.0]"
1698859337.5227056,"layout: 
  dim: []
  data_offset: 0
data: [-3.2980013793680776, 2.237249324882289, -2.145, -123.0]"
1698859337.5695662,"layout: 
  dim: []
  data_offset: 0
data: [-3.300074355021025, 2.2338283934386194, -2.142, -123.0]"
1698859337.6286824,"layout: 
  dim: []
  data_offset: 0
data: [-3.3035208074481273, 2.2300704730472702, -2.138, -122.0]"
1698859337.6573358,"layout: 
  dim: []
  data_offset: 0
data: [-3.305593783101075, 2.2266495416036003, -2.136, -122.0]"
1698859337.708225,"layout: 
  dim: []
  data_offset: 0
data: [-3.308703246580497, 2.2215181444380967, -2.132, -122.0]"
1698859337.755229,"layout: 
  dim: []
  data_offset: 0
data: [-3.3109574771990005, 2.2158685033593555, -2.127, -122.0]"
1698859337.8001204,"layout: 
  dim: []
  data_offset: 0
data: [-3.3126934639042678, 2.211074095141531, -2.124, -122.0]"
1698859337.851882,"layout: 
  dim: []
  data_offset: 0
data: [-3.3149476945227723, 2.2054244540627908, -2.12, -121.0]"
1698859337.8942444,"layout: 
  dim: []
  data_offset: 0
data: [-3.3163466922803586, 2.199256569070813, -2.116, -121.0]"
1698859337.9423332,"layout: 
  dim: []
  data_offset: 0
data: [-3.316709202211472, 2.1947991498006694, -2.111, -121.0]"
1698859337.9890594,"layout: 
  dim: []
  data_offset: 0
data: [-3.317771211021378, 2.187257788034537, -2.104, -121.0]"
1698859338.0342093,"layout: 
  dim: []
  data_offset: 0
data: [-3.3188332198312844, 2.1797164262684046, -2.098, -120.0]"
1698859338.0825698,"layout: 
  dim: []
  data_offset: 0
data: [-3.3216312153464584, 2.1673806562844486, -2.088, -120.0]"
1698859338.129023,"layout: 
  dim: []
  data_offset: 0
data: [-3.3251287097404254, 2.1519609438045038, -2.078, -119.0]"
1698859338.171857,"layout: 
  dim: []
  data_offset: 0
data: [-3.3272527273602384, 2.13687822027224, -2.069, -119.0]"
1698859338.2332094,"layout: 
  dim: []
  data_offset: 0
data: [-3.329713733927732, 2.1231689735141295, -2.06, -118.0]"
1698859338.2786176,"layout: 
  dim: []
  data_offset: 0
data: [-3.332330474477349, 2.1130619131652453, -2.053, -118.0]"
1698859338.3147602,"layout: 
  dim: []
  data_offset: 0
data: [-3.334610226079286, 2.1015813760422066, -2.048, -117.0]"
1698859338.3663511,"layout: 
  dim: []
  data_offset: 0
data: [-3.336190478802429, 2.093184781415157, -2.043, -117.0]"
1698859338.4110274,"layout: 
  dim: []
  data_offset: 0
data: [-3.337589476560016, 2.087016896423179, -2.04, -117.0]"
1698859338.458175,"layout: 
  dim: []
  data_offset: 0
data: [-3.340361951091757, 2.0805120224835205, -2.037, -117.0]"
1698859338.5123978,"layout: 
  dim: []
  data_offset: 0
data: [-3.3434714145711784, 2.0753806253180165, -2.035, -117.0]"
1698859338.5525682,"layout: 
  dim: []
  data_offset: 0
data: [-3.3465808780506, 2.0702492281525124, -2.032, -116.0]"
1698859338.6044981,"layout: 
  dim: []
  data_offset: 0
data: [-3.352281561096206, 2.0608416666824216, -2.029, -116.0]"
1698859338.648933,"layout: 
  dim: []
  data_offset: 0
data: [-3.3588374770027296, 2.0519523491255676, -2.027, -116.0]"
1698859338.6931694,"layout: 
  dim: []
  data_offset: 0
data: [-3.3638386611695426, 2.0456287301514657, -2.025, -116.0]"
1698859338.7377396,"layout: 
  dim: []
  data_offset: 0
data: [-3.368502856388675, 2.0379316344032095, -2.022, -116.0]"
1698859338.7811673,"layout: 
  dim: []
  data_offset: 0
data: [-3.3729857966422507, 2.032463248290025, -2.02, -116.0]"
1698859338.8329992,"layout: 
  dim: []
  data_offset: 0
data: [-3.3760952601216725, 2.027331851124521, -2.018, -116.0]"
1698859338.8825803,"layout: 
  dim: []
  data_offset: 0
data: [-3.377649991861383, 2.024766152541769, -2.016, -116.0]"
1698859338.922288,"layout: 
  dim: []
  data_offset: 0
data: [-3.3792047236010943, 2.022200453959017, -2.015, -115.0]"
1698859338.9713151,"layout: 
  dim: []
  data_offset: 0
data: [-3.381096444288485, 2.021008232150419, -2.013, -115.0]"
1698859339.025094,"layout: 
  dim: []
  data_offset: 0
data: [-3.381614688201722, 2.0201529992895013, -2.013, -115.0]"
1698859339.0711224,"layout: 
  dim: []
  data_offset: 0
data: [-3.382132932114959, 2.019297766428584, -2.012, -115.0]"
1698859339.111317,"layout: 
  dim: []
  data_offset: 0
data: [-3.382132932114959, 2.019297766428584, -2.013, -115.0]"
1698859339.164684,"layout: 
  dim: []
  data_offset: 0
data: [-3.383169419941433, 2.0175873007067495, -2.011, -115.0]"
1698859339.2113786,"layout: 
  dim: []
  data_offset: 0
data: [-3.3871341162817714, 2.012974147454482, -2.008, -115.0]"
1698859339.251715,"layout: 
  dim: []
  data_offset: 0
data: [-3.39042483472675, 2.0056140406539065, -2.004, -115.0]"
1698859339.3050866,"layout: 
  dim: []
  data_offset: 0
data: [-3.396643761685593, 1.9953512463228984, -1.999, -115.0]"
1698859339.358569,"layout: 
  dim: []
  data_offset: 0
data: [-3.401826200817962, 1.9867989177137249, -1.995, -114.0]"
1698859339.3916411,"layout: 
  dim: []
  data_offset: 0
data: [-3.4054539082106206, 1.9808122876873033, -1.991, -114.0]"
1698859339.4407215,"layout: 
  dim: []
  data_offset: 0
data: [-3.4092628705688357, 1.9725969480258105, -1.986, -114.0]"
1698859339.4924386,"layout: 
  dim: []
  data_offset: 0
data: [-3.413771331805844, 1.9612976658683283, -1.981, -114.0]"
1698859339.5318582,"layout: 
  dim: []
  data_offset: 0
data: [-3.4172433052163784, 1.9517088494326809, -1.976, -113.0]"
1698859339.5810194,"layout: 
  dim: []
  data_offset: 0
data: [-3.4198600457659953, 1.9416017890837967, -1.972, -113.0]"
1698859339.6266122,"layout: 
  dim: []
  data_offset: 0
data: [-3.422295531350057, 1.933723438369984, -1.968, -113.0]"
1698859339.6747644,"layout: 
  dim: []
  data_offset: 0
data: [-3.424394027986437, 1.924471610882017, -1.963, -112.0]"
1698859339.7214582,"layout: 
  dim: []
  data_offset: 0
data: [-3.424600803935426, 1.9164120052026479, -1.96, -112.0]"
1698859339.7734044,"layout: 
  dim: []
  data_offset: 0
data: [-3.4246263249188584, 1.9105811091583502, -1.956, -112.0]"
1698859339.8232598,"layout: 
  dim: []
  data_offset: 0
data: [-3.4249888348499713, 1.906123689888207, -1.953, -112.0]"
1698859339.8618062,"layout: 
  dim: []
  data_offset: 0
data: [-3.4248331008678474, 1.902521503478981, -1.952, -112.0]"
1698859339.911363,"layout: 
  dim: []
  data_offset: 0
data: [-3.424159122972487, 1.8997745499306729, -1.95, -112.0]"
1698859339.961825,"layout: 
  dim: []
  data_offset: 0
data: [-3.422966901163889, 1.8978828292432814, -1.947, -112.0]"
1698859340.0018194,"layout: 
  dim: []
  data_offset: 0
data: [-3.4222929232685284, 1.8951358756949728, -1.945, -111.0]"
1698859340.0533197,"layout: 
  dim: []
  data_offset: 0
data: [-3.4216189453731674, 1.892388922146664, -1.944, -111.0]"
1698859340.103716,"layout: 
  dim: []
  data_offset: 0
data: [-3.4209449674778067, 1.8896419685983556, -1.943, -111.0]"
1698859340.1432083,"layout: 
  dim: []
  data_offset: 0
data: [-3.4209449674778067, 1.8896419685983556, -1.944, -111.0]"
1698859340.1926303,"layout: 
  dim: []
  data_offset: 0
data: [-3.4204267235645696, 1.8904972014592731, -1.942, -111.0]"
1698859340.2422268,"layout: 
  dim: []
  data_offset: 0
data: [-3.4200897346168895, 1.8891237246851187, -1.942, -111.0]"
1698859340.2809937,"layout: 
  dim: []
  data_offset: 0
data: [-3.4202709895824452, 1.8868950150500474, -1.941, -111.0]"
1698859340.332741,"layout: 
  dim: []
  data_offset: 0
data: [-3.4194412777049603, 1.8805458750925126, -1.939, -111.0]"
1698859340.3874817,"layout: 
  dim: []
  data_offset: 0
data: [-3.418974075758589, 1.8697393158648352, -1.936, -111.0]"
1698859340.433158,"layout: 
  dim: []
  data_offset: 0
data: [-3.417289131020187, 1.8628719319940639, -1.933, -111.0]"
1698859340.4712071,"layout: 
  dim: []
  data_offset: 0
data: [-3.4156041862817847, 1.8560045481232923, -1.93, -111.0]"
1698859340.5229056,"layout: 
  dim: []
  data_offset: 0
data: [-3.4139192415433826, 1.849137164252521, -1.928, -110.0]"
1698859340.570714,"layout: 
  dim: []
  data_offset: 0
data: [-3.4129082747003414, 1.845016733930058, -1.925, -110.0]"
1698859340.614043,"layout: 
  dim: []
  data_offset: 0
data: [-3.411741573875176, 1.8372941171983694, -1.922, -110.0]"
1698859340.6607964,"layout: 
  dim: []
  data_offset: 0
data: [-3.40990089515465, 1.8268245469183721, -1.917, -110.0]"
1698859340.715026,"layout: 
  dim: []
  data_offset: 0
data: [-3.4085784603473614, 1.8154997437774576, -1.91, -109.0]"
1698859340.7583864,"layout: 
  dim: []
  data_offset: 0
data: [-3.406063803731474, 1.8022832199491514, -1.903, -109.0]"
1698859340.8006916,"layout: 
  dim: []
  data_offset: 0
data: [-3.4033934131334638, 1.78546450971162, -1.894, -109.0]"
1698859340.8516471,"layout: 
  dim: []
  data_offset: 0
data: [-3.400204778622215, 1.7695010323350053, -1.884, -108.0]"
1698859340.8973289,"layout: 
  dim: []
  data_offset: 0
data: [-3.396653634179855, 1.7579949742285343, -1.877, -108.0]"
1698859340.9500334,"layout: 
  dim: []
  data_offset: 0
data: [-3.391910267928896, 1.7445971954346717, -1.869, -107.0]"
1698859340.9915044,"layout: 
  dim: []
  data_offset: 0
data: [-3.389888334242814, 1.7363563347897462, -1.864, -107.0]"
1698859341.0455134,"layout: 
  dim: []
  data_offset: 0
data: [-3.387011167695814, 1.7275972302315836, -1.859, -107.0]"
1698859341.081285,"layout: 
  dim: []
  data_offset: 0
data: [-3.3849892340097307, 1.719356369586658, -1.854, -106.0]"
1698859341.1380777,"layout: 
  dim: []
  data_offset: 0
data: [-3.383822533184566, 1.7116337528549694, -1.849, -106.0]"
1698859341.173715,"layout: 
  dim: []
  data_offset: 0
data: [-3.3838480541679985, 1.7058028568106718, -1.845, -106.0]"
1698859341.2214758,"layout: 
  dim: []
  data_offset: 0
data: [-3.384754328995781, 1.6946593086353137, -1.84, -105.0]"
1698859341.2713058,"layout: 
  dim: []
  data_offset: 0
data: [-3.3866970916500376, 1.6818052947381208, -1.834, -105.0]"
1698859341.3210592,"layout: 
  dim: []
  data_offset: 0
data: [-3.388121610391057, 1.6698065137018454, -1.828, -105.0]"
1698859341.3625126,"layout: 
  dim: []
  data_offset: 0
data: [-3.389908639063189, 1.6533503133954266, -1.821, -104.0]"
1698859341.4112053,"layout: 
  dim: []
  data_offset: 0
data: [-3.391177423822085, 1.6377493459499248, -1.814, -104.0]"
1698859341.4573574,"layout: 
  dim: []
  data_offset: 0
data: [-3.392420687597548, 1.6279792745487212, -1.81, -104.0]"
1698859341.5011024,"layout: 
  dim: []
  data_offset: 0
data: [-3.3926274635465368, 1.619919668869352, -1.805, -103.0]"
1698859341.5647688,"layout: 
  dim: []
  data_offset: 0
data: [-3.3921347406167324, 1.6149440056859719, -1.8, -103.0]"
1698859341.6025553,"layout: 
  dim: []
  data_offset: 0
data: [-3.3919790066346085, 1.6113418192767461, -1.796, -103.0]"
1698859341.6417205,"layout: 
  dim: []
  data_offset: 0
data: [-3.392678505513402, 1.608257876780757, -1.794, -103.0]"
1698859341.6929352,"layout: 
  dim: []
  data_offset: 0
data: [-3.3930410154445148, 1.6038004575106137, -1.79, -103.0]"
1698859341.7465396,"layout: 
  dim: []
  data_offset: 0
data: [-3.392885281462391, 1.600198271101388, -1.786, -102.0]"
1698859341.7835467,"layout: 
  dim: []
  data_offset: 0
data: [-3.3935847803411847, 1.5971143286053986, -1.783, -102.0]"
1698859341.8347728,"layout: 
  dim: []
  data_offset: 0
data: [-3.393766035306741, 1.594885618970327, -1.781, -102.0]"
1698859341.8836381,"layout: 
  dim: []
  data_offset: 0
data: [-3.392910802445824, 1.5943673750570904, -1.779, -102.0]"
1698859341.9231584,"layout: 
  dim: []
  data_offset: 0
data: [-3.3927550684637, 1.5907651886478644, -1.776, -102.0]"
1698859341.9806983,"layout: 
  dim: []
  data_offset: 0
data: [-3.3926248554650082, 1.581332106194341, -1.768, -101.0]"
1698859342.0213447,"layout: 
  dim: []
  data_offset: 0
data: [-3.3920019195365123, 1.5669233605574373, -1.757, -101.0]"
1698859342.075477,"layout: 
  dim: []
  data_offset: 0
data: [-3.389824251868306, 1.5550803135032858, -1.749, -100.0]"
1698859342.1130064,"layout: 
  dim: []
  data_offset: 0
data: [-3.387309595252419, 1.54186378967498, -1.739, -100.0]"
1698859342.16143,"layout: 
  dim: []
  data_offset: 0
data: [-3.3846136836709757, 1.5308759754817458, -1.731, -99.0]"
1698859342.2123215,"layout: 
  dim: []
  data_offset: 0
data: [-3.381218273210739, 1.5229721037845005, -1.725, -99.0]"
1698859342.257383,"layout: 
  dim: []
  data_offset: 0
data: [-3.379870317420017, 1.5174781966878832, -1.721, -99.0]"
1698859342.3033268,"layout: 
  dim: []
  data_offset: 0
data: [-3.3776671287683784, 1.5114660456780293, -1.715, -98.0]"
1698859342.3511329,"layout: 
  dim: []
  data_offset: 0
data: [-3.3747899622213784, 1.5027069411198666, -1.707, -98.0]"
1698859342.421586,"layout: 
  dim: []
  data_offset: 0
data: [-3.373286272448533, 1.4936108476140237, -1.699, -97.0]"
1698859342.4447482,"layout: 
  dim: []
  data_offset: 0
data: [-3.3697351280061723, 1.4821047895075528, -1.689, -97.0]"
1698859342.4953246,"layout: 
  dim: []
  data_offset: 0
data: [-3.3665209725114917, 1.4719722081752358, -1.681, -96.0]"
1698859342.539313,"layout: 
  dim: []
  data_offset: 0
data: [-3.3648360277730895, 1.4651048243044642, -1.676, -96.0]"
1698859342.5770433,"layout: 
  dim: []
  data_offset: 0
data: [-3.3626328391214506, 1.4590926732946103, -1.671, -96.0]"
1698859342.6250243,"layout: 
  dim: []
  data_offset: 0
data: [-3.3599114065565745, 1.4539357551456735, -1.666, -95.0]"
1698859342.671592,"layout: 
  dim: []
  data_offset: 0
data: [-3.3577082179049356, 1.4479236041358194, -1.66, -95.0]"
1698859342.7210796,"layout: 
  dim: []
  data_offset: 0
data: [-3.3560232731665334, 1.441056220265048, -1.654, -95.0]"
1698859342.7817132,"layout: 
  dim: []
  data_offset: 0
data: [-3.3531461066195334, 1.4322971157068858, -1.647, -94.0]"
1698859342.822629,"layout: 
  dim: []
  data_offset: 0
data: [-3.3502689400725334, 1.423538011148723, -1.64, -94.0]"
1698859342.86025,"layout: 
  dim: []
  data_offset: 0
data: [-3.3492579732294923, 1.4194175808262601, -1.637, -94.0]"
1698859342.9189324,"layout: 
  dim: []
  data_offset: 0
data: [-3.345681307803699, 1.4137424187640866, -1.632, -94.0]"
1698859342.961771,"layout: 
  dim: []
  data_offset: 0
data: [-3.345007329908338, 1.410995465215778, -1.629, -93.0]"
1698859343.001471,"layout: 
  dim: []
  data_offset: 0
data: [-3.3438151080997405, 1.4091037445283867, -1.626, -93.0]"
1698859343.123053,"layout: 
  dim: []
  data_offset: 0
data: [-3.342804141256699, 1.404983314205924, -1.623, -93.0]"
1698859343.142599,"layout: 
  dim: []
  data_offset: 0
data: [-3.3414561854659777, 1.399489407109307, -1.618, -93.0]"
1698859343.2001195,"layout: 
  dim: []
  data_offset: 0
data: [-3.3401082296752556, 1.3939955000126896, -1.612, -92.0]"
1698859343.207779,"layout: 
  dim: []
  data_offset: 0
data: [-3.338086295989173, 1.385754639367764, -1.605, -92.0]"
1698859343.2555888,"layout: 
  dim: []
  data_offset: 0
data: [-3.3364013512507706, 1.3788872554969929, -1.599, -92.0]"
1698859343.2940195,"layout: 
  dim: []
  data_offset: 0
data: [-3.3345351515468122, 1.3742485812612928, -1.595, -91.0]"
1698859343.33541,"layout: 
  dim: []
  data_offset: 0
data: [-3.333005940790534, 1.3709833837997474, -1.592, -91.0]"
1698859343.3854046,"layout: 
  dim: []
  data_offset: 0
data: [-3.3323319628951733, 1.3682364302514387, -1.588, -91.0]"
1698859343.4221137,"layout: 
  dim: []
  data_offset: 0
data: [-3.330802752138895, 1.3649712327898935, -1.586, -91.0]"
1698859343.4717174,"layout: 
  dim: []
  data_offset: 0
data: [-3.330310029209091, 1.3599955696065134, -1.581, -91.0]"
1698859343.5217023,"layout: 
  dim: []
  data_offset: 0
data: [-3.328106840557452, 1.3539834185966593, -1.576, -90.0]"
1698859343.5712276,"layout: 
  dim: []
  data_offset: 0
data: [-3.32642189581905, 1.347116034725888, -1.57, -90.0]"
1698859343.6107872,"layout: 
  dim: []
  data_offset: 0
data: [-3.3252551949938844, 1.3393934179941993, -1.564, -90.0]"
1698859343.660997,"layout: 
  dim: []
  data_offset: 0
data: [-3.3223780284468845, 1.3306343134360366, -1.558, -89.0]"
1698859343.7153776,"layout: 
  dim: []
  data_offset: 0
data: [-3.3212113276217194, 1.322911696704348, -1.551, -89.0]"
1698859343.7510602,"layout: 
  dim: []
  data_offset: 0
data: [-3.3203816157442345, 1.3165625567468133, -1.546, -89.0]"
1698859343.814501,"layout: 
  dim: []
  data_offset: 0
data: [-3.3185409370237084, 1.3060929864668158, -1.538, -88.0]"
1698859343.8511684,"layout: 
  dim: []
  data_offset: 0
data: [-3.3175554911641, 1.2961416601000555, -1.53, -88.0]"
1698859343.8918605,"layout: 
  dim: []
  data_offset: 0
data: [-3.3162075353733784, 1.2906477530034386, -1.526, -87.0]"
1698859343.9412096,"layout: 
  dim: []
  data_offset: 0
data: [-3.3153778234958935, 1.2842986130459042, -1.521, -87.0]"
1698859343.9906685,"layout: 
  dim: []
  data_offset: 0
data: [-3.314366856652852, 1.2801781827234413, -1.517, -87.0]"
1698859344.0334415,"layout: 
  dim: []
  data_offset: 0
data: [-3.3133558898098103, 1.2760577524009784, -1.515, -87.0]"
1698859344.0856442,"layout: 
  dim: []
  data_offset: 0
data: [-3.3123449229667696, 1.2719373220785153, -1.511, -87.0]"
1698859344.1333292,"layout: 
  dim: []
  data_offset: 0
data: [-3.3113339561237285, 1.2678168917560528, -1.508, -86.0]"
1698859344.192079,"layout: 
  dim: []
  data_offset: 0
data: [-3.309986000333007, 1.2623229846594357, -1.504, -86.0]"
1698859344.2254732,"layout: 
  dim: []
  data_offset: 0
data: [-3.308456789576728, 1.25905778719789, -1.5, -86.0]"
1698859344.2662477,"layout: 
  dim: []
  data_offset: 0
data: [-3.3057353570118524, 1.2539008690489535, -1.495, -86.0]"
1698859344.3123837,"layout: 
  dim: []
  data_offset: 0
data: [-3.3023399465516157, 1.2459969973517082, -1.489, -85.0]"
1698859344.3592553,"layout: 
  dim: []
  data_offset: 0
data: [-3.2997997689522958, 1.2386113695676997, -1.484, -85.0]"
1698859344.405262,"layout: 
  dim: []
  data_offset: 0
data: [-3.2965856134576157, 1.228478788235383, -1.477, -85.0]"
1698859344.4549356,"layout: 
  dim: []
  data_offset: 0
data: [-3.292853214049698, 1.2192014397639834, -1.47, -84.0]"
1698859344.5021904,"layout: 
  dim: []
  data_offset: 0
data: [-3.2894578035894613, 1.2112975680667386, -1.465, -84.0]"
1698859344.5471985,"layout: 
  dim: []
  data_offset: 0
data: [-3.286062393129225, 1.203393696369493, -1.459, -84.0]"
1698859344.593075,"layout: 
  dim: []
  data_offset: 0
data: [-3.282666982668988, 1.1954898246722478, -1.454, -83.0]"
1698859344.6401525,"layout: 
  dim: []
  data_offset: 0
data: [-3.279608561156431, 1.188959429749157, -1.45, -83.0]"
1698859344.6909385,"layout: 
  dim: []
  data_offset: 0
data: [-3.277068383557112, 1.1815738019651485, -1.444, -83.0]"
1698859344.7350671,"layout: 
  dim: []
  data_offset: 0
data: [-3.2736729730968754, 1.1736699302679034, -1.438, -82.0]"
1698859344.7826662,"layout: 
  dim: []
  data_offset: 0
data: [-3.270614551584319, 1.1671395353448124, -1.434, -82.0]"
1698859344.8453927,"layout: 
  dim: []
  data_offset: 0
data: [-3.267063407141958, 1.1556334772383414, -1.426, -82.0]"
1698859344.885299,"layout: 
  dim: []
  data_offset: 0
data: [-3.2645232295426383, 1.1482478494543327, -1.421, -81.0]"
1698859344.9221258,"layout: 
  dim: []
  data_offset: 0
data: [-3.2609465641168454, 1.1425726873921596, -1.417, -81.0]"
1698859344.9708211,"layout: 
  dim: []
  data_offset: 0
data: [-3.2602725862214843, 1.1398257338438507, -1.414, -81.0]"
1698859345.0159311,"layout: 
  dim: []
  data_offset: 0
data: [-3.2587433754652064, 1.1365605363823055, -1.411, -81.0]"
1698859345.0617828,"layout: 
  dim: []
  data_offset: 0
data: [-3.257732408622165, 1.1324401060598424, -1.406, -81.0]"
1698859345.110829,"layout: 
  dim: []
  data_offset: 0
data: [-3.2557104749360826, 1.1241992454149166, -1.399, -80.0]"
1698859345.1649795,"layout: 
  dim: []
  data_offset: 0
data: [-3.2526775744069587, 1.1118379544475283, -1.388, -80.0]"
1698859345.210611,"layout: 
  dim: []
  data_offset: 0
data: [-3.248452452069237, 1.0975849427927484, -1.377, -79.0]"
1698859345.2607162,"layout: 
  dim: []
  data_offset: 0
data: [-3.2440460747659587, 1.0855606407730405, -1.368, -78.0]"
1698859345.310766,"layout: 
  dim: []
  data_offset: 0
data: [-3.242542384993113, 1.0764645472671974, -1.361, -78.0]"
1698859345.3535273,"layout: 
  dim: []
  data_offset: 0
data: [-3.2406761852891544, 1.0718258730314976, -1.357, -78.0]"
1698859345.4134955,"layout: 
  dim: []
  data_offset: 0
data: [-3.240520451307031, 1.0682236866222716, -1.353, -78.0]"
1698859345.44262,"layout: 
  dim: []
  data_offset: 0
data: [-3.2389912405507526, 1.0649584891607262, -1.348, -77.0]"
1698859345.4887204,"layout: 
  dim: []
  data_offset: 0
data: [-3.2381615286732677, 1.0586093492031918, -1.342, -77.0]"
1698859345.5347648,"layout: 
  dim: []
  data_offset: 0
data: [-3.236994827848102, 1.0508867324715032, -1.335, -76.0]"
1698859345.5810902,"layout: 
  dim: []
  data_offset: 0
data: [-3.23497289416202, 1.0426458718265772, -1.328, -76.0]"
1698859345.63137,"layout: 
  dim: []
  data_offset: 0
data: [-3.2336249383712987, 1.0371519647299605, -1.324, -76.0]"
1698859345.678154,"layout: 
  dim: []
  data_offset: 0
data: [-3.232458237546133, 1.0294293479982717, -1.316, -75.0]"
1698859345.7226377,"layout: 
  dim: []
  data_offset: 0
data: [-3.2311102817554116, 1.0239354409016543, -1.311, -75.0]"
1698859345.7708557,"layout: 
  dim: []
  data_offset: 0
data: [-3.22976232596469, 1.0184415338050372, -1.306, -75.0]"
1698859345.818308,"layout: 
  dim: []
  data_offset: 0
data: [-3.228751359121649, 1.0143211034825748, -1.302, -75.0]"
1698859345.86255,"layout: 
  dim: []
  data_offset: 0
data: [-3.2274034033309267, 1.0088271963859576, -1.297, -74.0]"
1698859345.91178,"layout: 
  dim: []
  data_offset: 0
data: [-3.2252002146792873, 1.0028150453761036, -1.293, -74.0]"
1698859345.970698,"layout: 
  dim: []
  data_offset: 0
data: [-3.223334014975329, 0.9981763711404035, -1.289, -74.0]"
1698859346.0045843,"layout: 
  dim: []
  data_offset: 0
data: [-3.22113082632369, 0.9921642201305494, -1.283, -74.0]"
1698859346.0530198,"layout: 
  dim: []
  data_offset: 0
data: [-3.2180724048111338, 0.9856338252074588, -1.278, -73.0]"
1698859346.1063378,"layout: 
  dim: []
  data_offset: 0
data: [-3.2153509722462577, 0.980476907058522, -1.273, -73.0]"
1698859346.153681,"layout: 
  dim: []
  data_offset: 0
data: [-3.2093898632032687, 0.971018303621566, -1.265, -72.0]"
1698859346.1918926,"layout: 
  dim: []
  data_offset: 0
data: [-3.203946998073517, 0.9607044673236924, -1.256, -72.0]"
1698859346.2402837,"layout: 
  dim: []
  data_offset: 0
data: [-3.197985889030528, 0.9512458638867367, -1.249, -72.0]"
1698859346.281648,"layout: 
  dim: []
  data_offset: 0
data: [-3.1908325581789416, 0.9398955397623896, -1.24, -71.0]"
1698859346.340181,"layout: 
  dim: []
  data_offset: 0
data: [-3.1845344601882717, 0.929063459551279, -1.232, -71.0]"
1698859346.3861098,"layout: 
  dim: []
  data_offset: 0
data: [-3.1789103400929637, 0.9209783328884775, -1.224, -70.0]"
1698859346.4266016,"layout: 
  dim: []
  data_offset: 0
data: [-3.1749966857194893, 0.9139296940521493, -1.217, -70.0]"
1698859346.472765,"layout: 
  dim: []
  data_offset: 0
data: [-3.171757009241377, 0.90962800876413, -1.213, -69.0]"
1698859346.5213122,"layout: 
  dim: []
  data_offset: 0
data: [-3.1693725656241813, 0.9058445673893478, -1.21, -69.0]"
1698859346.5665827,"layout: 
  dim: []
  data_offset: 0
data: [-3.1666511330593057, 0.900687649240411, -1.206, -69.0]"
1698859346.611278,"layout: 
  dim: []
  data_offset: 0
data: [-3.163929700494429, 0.8955307310914744, -1.202, -69.0]"
1698859346.6665947,"layout: 
  dim: []
  data_offset: 0
data: [-3.1615452568772335, 0.891747289716692, -1.198, -69.0]"
1698859346.7129316,"layout: 
  dim: []
  data_offset: 0
data: [-3.1579685914514406, 0.8860721276545183, -1.194, -68.0]"
1698859346.7552493,"layout: 
  dim: []
  data_offset: 0
data: [-3.1549101699388844, 0.8795417327314272, -1.189, -68.0]"
1698859346.809222,"layout: 
  dim: []
  data_offset: 0
data: [-3.152706981287245, 0.8735295817215731, -1.184, -68.0]"
1698859346.8507304,"layout: 
  dim: []
  data_offset: 0
data: [-3.1508407815832866, 0.8688909074858735, -1.179, -68.0]"
1698859346.894564,"layout: 
  dim: []
  data_offset: 0
data: [-3.14744537112305, 0.8609870357886285, -1.172, -67.0]"
1698859346.9449959,"layout: 
  dim: []
  data_offset: 0
data: [-3.143712971715132, 0.8517096873172287, -1.164, -67.0]"
1698859346.9919116,"layout: 
  dim: []
  data_offset: 0
data: [-3.1399805723072154, 0.8424323388458292, -1.156, -66.0]"
1698859347.0332508,"layout: 
  dim: []
  data_offset: 0
data: [-3.1365851618469778, 0.834528467148584, -1.148, -66.0]"
1698859347.09351,"layout: 
  dim: []
  data_offset: 0
data: [-3.131660540630463, 0.8233593979897931, -1.138, -65.0]"
1698859347.132269,"layout: 
  dim: []
  data_offset: 0
data: [-3.128783374083463, 0.814600293431631, -1.13, -65.0]"
1698859347.1855958,"layout: 
  dim: []
  data_offset: 0
data: [-3.1269171743795043, 0.8099616191959309, -1.126, -65.0]"
1698859347.2352307,"layout: 
  dim: []
  data_offset: 0
data: [-3.1253879636232265, 0.8066964217343857, -1.123, -64.0]"
1698859347.2869923,"layout: 
  dim: []
  data_offset: 0
data: [-3.1259062075364636, 0.8058411888734682, -1.121, -64.0]"
1698859347.3556664,"layout: 
  dim: []
  data_offset: 0
data: [-3.125232229641102, 0.8030942353251596, -1.118, -64.0]"
1698859347.4238591,"layout: 
  dim: []
  data_offset: 0
data: [-3.1237030188848243, 0.7998290378636141, -1.114, -64.0]"
1698859347.438833,"layout: 
  dim: []
  data_offset: 0
data: [-3.1211628412855044, 0.7924434100796058, -1.107, -63.0]"
1698859347.4758675,"layout: 
  dim: []
  data_offset: 0
data: [-3.1174304418775876, 0.7831660616082063, -1.1, -63.0]"
1698859347.5076914,"layout: 
  dim: []
  data_offset: 0
data: [-3.114372020365031, 0.7766356666851155, -1.093, -63.0]"
1698859347.5782907,"layout: 
  dim: []
  data_offset: 0
data: [-3.110639620957114, 0.7673583182137158, -1.085, -62.0]"
1698859347.624046,"layout: 
  dim: []
  data_offset: 0
data: [-3.1075811994445575, 0.7608279232906248, -1.08, -62.0]"
1698859347.6421769,"layout: 
  dim: []
  data_offset: 0
data: [-3.104859766879682, 0.755671005141688, -1.076, -62.0]"
1698859347.6913457,"layout: 
  dim: []
  data_offset: 0
data: [-3.104004534018764, 0.7551527612284512, -1.075, -62.0]"
1698859347.7385013,"layout: 
  dim: []
  data_offset: 0
data: [-3.104341522966444, 0.7565262380026057, -1.075, -62.0]"
1698859347.781282,"layout: 
  dim: []
  data_offset: 0
data: [-3.1031493011578473, 0.7546345173152142, -1.072, -61.0]"
1698859347.834856,"layout: 
  dim: []
  data_offset: 0
data: [-3.0992356467843734, 0.7475858784788865, -1.064, -61.0]"
1698859347.8822868,"layout: 
  dim: []
  data_offset: 0
data: [-3.0956589813585795, 0.7419107164167129, -1.058, -61.0]"
1698859347.9307399,"layout: 
  dim: []
  data_offset: 0
data: [-3.090034861263271, 0.7338255897539112, -1.049, -60.0]"
1698859347.9723742,"layout: 
  dim: []
  data_offset: 0
data: [-3.0852659740288804, 0.7262587070043465, -1.042, -60.0]"
1698859348.0213692,"layout: 
  dim: []
  data_offset: 0
data: [-3.082026297550767, 0.7219570217163269, -1.037, -59.0]"
1698859348.0675266,"layout: 
  dim: []
  data_offset: 0
data: [-3.0784496321249737, 0.7162818596541529, -1.032, -59.0]"
1698859348.1128745,"layout: 
  dim: []
  data_offset: 0
data: [-3.0746917117336245, 0.7128354072270511, -1.027, -59.0]"
1698859348.1601598,"layout: 
  dim: []
  data_offset: 0
data: [-3.0723072681164285, 0.7090519658522689, -1.023, -59.0]"
1698859348.2070835,"layout: 
  dim: []
  data_offset: 0
data: [-3.0673571259164807, 0.7037137927377757, -1.018, -58.0]"
1698859348.253901,"layout: 
  dim: []
  data_offset: 0
data: [-3.063262216577451, 0.6988938635365196, -1.013, -58.0]"
1698859348.300888,"layout: 
  dim: []
  data_offset: 0
data: [-3.0603595290470187, 0.6959656550226543, -1.009, -58.0]"
1698859348.3547933,"layout: 
  dim: []
  data_offset: 0
data: [-3.0554093868470704, 0.6906274819081613, -1.003, -57.0]"
1698859348.3909416,"layout: 
  dim: []
  data_offset: 0
data: [-3.050459244647123, 0.6852893087936678, -0.997, -57.0]"
1698859348.441319,"layout: 
  dim: []
  data_offset: 0
data: [-3.0448351245518146, 0.6772041821308661, -0.989, -57.0]"
1698859348.4925833,"layout: 
  dim: []
  data_offset: 0
data: [-3.040403226265104, 0.6710107761554558, -0.983, -56.0]"
1698859348.5467436,"layout: 
  dim: []
  data_offset: 0
data: [-3.034442117222115, 0.6615521727184996, -0.973, -56.0]"
1698859348.5832665,"layout: 
  dim: []
  data_offset: 0
data: [-3.0284810081791265, 0.6520935692815439, -0.964, -55.0]"
1698859348.6305683,"layout: 
  dim: []
  data_offset: 0
data: [-3.024049109892416, 0.6459001633061332, -0.957, -55.0]"
1698859348.678528,"layout: 
  dim: []
  data_offset: 0
data: [-3.0213276773275393, 0.6407432451571968, -0.951, -54.0]"
1698859348.7287214,"layout: 
  dim: []
  data_offset: 0
data: [-3.020316710484498, 0.6366228148347337, -0.946, -54.0]"
1698859348.7728114,"layout: 
  dim: []
  data_offset: 0
data: [-3.0191244886759003, 0.6347310941473425, -0.942, -54.0]"
1698859348.8178344,"layout: 
  dim: []
  data_offset: 0
data: [-3.0175952779196225, 0.6314658966857971, -0.937, -54.0]"
1698859348.8633351,"layout: 
  dim: []
  data_offset: 0
data: [-3.014873845354746, 0.6263089785368601, -0.929, -53.0]"
1698859348.9118595,"layout: 
  dim: []
  data_offset: 0
data: [-3.0112971799289525, 0.6206338164746867, -0.923, -53.0]"
1698859348.9587476,"layout: 
  dim: []
  data_offset: 0
data: [-3.009249725259438, 0.6182238518740584, -0.919, -53.0]"
1698859349.0008922,"layout: 
  dim: []
  data_offset: 0
data: [-3.0077205145031596, 0.6149586544125132, -0.915, -52.0]"
1698859349.0518286,"layout: 
  dim: []
  data_offset: 0
data: [-3.007383525555479, 0.613585177638359, -0.913, -52.0]"
1698859349.0992022,"layout: 
  dim: []
  data_offset: 0
data: [-3.007383525555479, 0.613585177638359, -0.912, -52.0]"
1698859349.1489391,"layout: 
  dim: []
  data_offset: 0
data: [-3.007046536607799, 0.6122117008642047, -0.909, -52.0]"
1698859349.1910322,"layout: 
  dim: []
  data_offset: 0
data: [-3.0038068601296857, 0.6079100155761852, -0.901, -52.0]"
1698859349.2493389,"layout: 
  dim: []
  data_offset: 0
data: [-2.9995562168085312, 0.5994878999657034, -0.892, -51.0]"
1698859349.2907307,"layout: 
  dim: []
  data_offset: 0
data: [-2.9959795513827383, 0.5938127379035294, -0.885, -51.0]"
1698859349.3322623,"layout: 
  dim: []
  data_offset: 0
data: [-2.9915476530960277, 0.5876193319281187, -0.877, -50.0]"
1698859349.3907528,"layout: 
  dim: []
  data_offset: 0
data: [-2.988826220531151, 0.5824624137791825, -0.872, -50.0]"
1698859349.4379284,"layout: 
  dim: []
  data_offset: 0
data: [-2.9879709876702343, 0.5819441698659455, -0.87, -50.0]"
1698859349.476206,"layout: 
  dim: []
  data_offset: 0
data: [-2.9879709876702343, 0.5819441698659455, -0.869, -50.0]"
1698859349.522226,"layout: 
  dim: []
  data_offset: 0
data: [-2.987633998722554, 0.5805706930917911, -0.866, -50.0]"
1698859349.5717244,"layout: 
  dim: []
  data_offset: 0
data: [-2.9840573332967604, 0.5748955310296175, -0.86, -49.0]"
1698859349.6167607,"layout: 
  dim: []
  data_offset: 0
data: [-2.9799624239577303, 0.570075601828361, -0.854, -49.0]"
1698859349.6673825,"layout: 
  dim: []
  data_offset: 0
data: [-2.974338303862422, 0.5619904751655593, -0.847, -49.0]"
1698859349.7141309,"layout: 
  dim: []
  data_offset: 0
data: [-2.970580383471072, 0.5585440227384575, -0.843, -48.0]"
1698859349.7536817,"layout: 
  dim: []
  data_offset: 0
data: [-2.9673407069929594, 0.5542423374504379, -0.838, -48.0]"
1698859349.8075032,"layout: 
  dim: []
  data_offset: 0
data: [-2.9639197755492894, 0.5521693617974903, -0.835, -48.0]"
1698859349.8522038,"layout: 
  dim: []
  data_offset: 0
data: [-2.961017088018857, 0.5492411532836252, -0.831, -48.0]"
1698859349.894721,"layout: 
  dim: []
  data_offset: 0
data: [-2.9567409237142703, 0.5466499337174406, -0.827, -47.0]"
1698859349.9418495,"layout: 
  dim: []
  data_offset: 0
data: [-2.9504173047401685, 0.5416487495506279, -0.82, -47.0]"
1698859349.9953623,"layout: 
  dim: []
  data_offset: 0
data: [-2.9415279871833144, 0.5350928336441045, -0.811, -46.0]"
1698859350.0338428,"layout: 
  dim: []
  data_offset: 0
data: [-2.9321204257132236, 0.5293921505984982, -0.803, -46.0]"
1698859350.0830097,"layout: 
  dim: []
  data_offset: 0
data: [-2.922712864243133, 0.5236914675528923, -0.794, -45.0]"
1698859350.1360028,"layout: 
  dim: []
  data_offset: 0
data: [-2.9170632231643916, 0.5214372369343878, -0.788, -45.0]"
1698859350.1736658,"layout: 
  dim: []
  data_offset: 0
data: [-2.9136422917207225, 0.5193642612814402, -0.785, -45.0]"
1698859350.2269566,"layout: 
  dim: []
  data_offset: 0
data: [-2.9107396041902898, 0.5164360527675751, -0.781, -45.0]"
1698859350.271181,"layout: 
  dim: []
  data_offset: 0
data: [-2.9061264509380234, 0.5124713564272363, -0.775, -44.0]"
1698859350.325476,"layout: 
  dim: []
  data_offset: 0
data: [-2.899802831963921, 0.5074701722604236, -0.768, -44.0]"
1698859350.3646405,"layout: 
  dim: []
  data_offset: 0
data: [-2.8943344458507365, 0.5029872320068478, -0.762, -44.0]"
1698859350.418572,"layout: 
  dim: []
  data_offset: 0
data: [-2.887673837928954, 0.4966125710658804, -0.754, -43.0]"
1698859350.463187,"layout: 
  dim: []
  data_offset: 0
data: [-2.8822054518157696, 0.49212963081230465, -0.748, -43.0]"
1698859350.5074756,"layout: 
  dim: []
  data_offset: 0
data: [-2.87844753142442, 0.4886831783852028, -0.743, -43.0]"
1698859350.554586,"layout: 
  dim: []
  data_offset: 0
data: [-2.873497389224472, 0.48334500527070956, -0.737, -42.0]"
1698859350.6050713,"layout: 
  dim: []
  data_offset: 0
data: [-2.8697394688331226, 0.4798985528436077, -0.731, -42.0]"
1698859350.6410954,"layout: 
  dim: []
  data_offset: 0
data: [-2.867692014163607, 0.4774885882429796, -0.727, -42.0]"
1698859350.692394,"layout: 
  dim: []
  data_offset: 0
data: [-2.8644523376854947, 0.47318690295496, -0.723, -41.0]"
1698859350.7416632,"layout: 
  dim: []
  data_offset: 0
data: [-2.862404883015979, 0.4707769383543319, -0.72, -41.0]"
1698859350.7858074,"layout: 
  dim: []
  data_offset: 0
data: [-2.862404883015979, 0.4707769383543319, -0.72, -41.0]"
1698859350.8315535,"layout: 
  dim: []
  data_offset: 0
data: [-2.8632601158768964, 0.47129518226756884, -0.72, -41.0]"
1698859350.8812983,"layout: 
  dim: []
  data_offset: 0
data: [-2.862404883015979, 0.4707769383543319, -0.719, -41.0]"
1698859350.9341323,"layout: 
  dim: []
  data_offset: 0
data: [-2.8612126612073814, 0.4688852176669407, -0.715, -41.0]"
1698859350.9747021,"layout: 
  dim: []
  data_offset: 0
data: [-2.8574547408160313, 0.46543876523983885, -0.709, -41.0]"
1698859351.0213814,"layout: 
  dim: []
  data_offset: 0
data: [-2.8533598314770012, 0.46061883603858256, -0.704, -40.0]"
1698859351.0774992,"layout: 
  dim: []
  data_offset: 0
data: [-2.8525045986160844, 0.4601005921253458, -0.703, -40.0]"
1698859351.1120563,"layout: 
  dim: []
  data_offset: 0
data: [-2.8533598314770012, 0.46061883603858256, -0.703, -40.0]"
1698859351.1642978,"layout: 
  dim: []
  data_offset: 0
data: [-2.8533598314770012, 0.46061883603858256, -0.702, -40.0]"
1698859351.2114227,"layout: 
  dim: []
  data_offset: 0
data: [-2.8521676096684034, 0.4587271153511914, -0.7, -40.0]"
1698859351.2538824,"layout: 
  dim: []
  data_offset: 0
data: [-2.850457143946569, 0.4576906275247177, -0.699, -40.0]"
1698859351.3033004,"layout: 
  dim: []
  data_offset: 0
data: [-2.8484096892770534, 0.45528066292408953, -0.696, -40.0]"
1698859351.3441966,"layout: 
  dim: []
  data_offset: 0
data: [-2.845843990694301, 0.45372593118437865, -0.694, -40.0]"
1698859351.3925772,"layout: 
  dim: []
  data_offset: 0
data: [-2.845507001746621, 0.4523524544102242, -0.692, -40.0]"
1698859351.442865,"layout: 
  dim: []
  data_offset: 0
data: [-2.842941303163869, 0.4507977226705133, -0.689, -39.0]"
1698859351.487537,"layout: 
  dim: []
  data_offset: 0
data: [-2.837472917050685, 0.4463147824169378, -0.683, -39.0]"
1698859351.5312414,"layout: 
  dim: []
  data_offset: 0
data: [-2.828065355580594, 0.44061409937133145, -0.674, -39.0]"
1698859351.5806615,"layout: 
  dim: []
  data_offset: 0
data: [-2.817465572301905, 0.43302169563833415, -0.664, -38.0]"
1698859351.6315188,"layout: 
  dim: []
  data_offset: 0
data: [-2.809768476553649, 0.42835750041920173, -0.657, -38.0]"
1698859351.6731765,"layout: 
  dim: []
  data_offset: 0
data: [-2.7986504493617232, 0.4216203295471217, -0.648, -37.0]"
1698859351.7224987,"layout: 
  dim: []
  data_offset: 0
data: [-2.788905898943952, 0.41454616972736136, -0.639, -37.0]"
1698859351.7738287,"layout: 
  dim: []
  data_offset: 0
data: [-2.778643104612944, 0.4083272427685183, -0.63, -36.0]"
1698859351.818865,"layout: 
  dim: []
  data_offset: 0
data: [-2.770946008864688, 0.40366304754938587, -0.623, -36.0]"
1698859351.8660557,"layout: 
  dim: []
  data_offset: 0
data: [-2.7601649706204423, 0.39829935345146006, -0.614, -35.0]"
1698859351.9118276,"layout: 
  dim: []
  data_offset: 0
data: [-2.749046943428517, 0.39156218257938, -0.605, -35.0]"
1698859351.9627473,"layout: 
  dim: []
  data_offset: 0
data: [-2.7399763709061067, 0.3872349763079279, -0.598, -34.0]"
1698859352.0044632,"layout: 
  dim: []
  data_offset: 0
data: [-2.7291953326618614, 0.3818712822100021, -0.589, -34.0]"
1698859352.0527523,"layout: 
  dim: []
  data_offset: 0
data: [-2.7192695272785334, 0.3770258320253139, -0.581, -33.0]"
1698859352.1053717,"layout: 
  dim: []
  data_offset: 0
data: [-2.7098619658084426, 0.3713251489797076, -0.573, -33.0]"
1698859352.1475267,"layout: 
  dim: []
  data_offset: 0
data: [-2.700791393286032, 0.3669979427082555, -0.566, -32.0]"
1698859352.1905012,"layout: 
  dim: []
  data_offset: 0
data: [-2.6888181332331893, 0.3597425279229387, -0.557, -32.0]"
1698859352.2418616,"layout: 
  dim: []
  data_offset: 0
data: [-2.6785553389021812, 0.3535236009640954, -0.549, -31.0]"
1698859352.2823899,"layout: 
  dim: []
  data_offset: 0
data: [-2.6708582431539254, 0.3488594057449632, -0.543, -31.0]"
1698859352.3345456,"layout: 
  dim: []
  data_offset: 0
data: [-2.6623059145447514, 0.34367696661259384, -0.535, -31.0]"
1698859352.3819904,"layout: 
  dim: []
  data_offset: 0
data: [-2.654608818796495, 0.33901277139346164, -0.527, -30.0]"
1698859352.4210687,"layout: 
  dim: []
  data_offset: 0
data: [-2.6477669559091566, 0.3348668200875662, -0.52, -30.0]"
1698859352.4847827,"layout: 
  dim: []
  data_offset: 0
data: [-2.639214627299983, 0.3296843809551968, -0.511, -29.0]"
1698859352.5240507,"layout: 
  dim: []
  data_offset: 0
data: [-2.631180542604046, 0.3236467089619104, -0.502, -29.0]"
1698859352.575532,"layout: 
  dim: []
  data_offset: 0
data: [-2.6243386797167076, 0.31950075765601493, -0.494, -28.0]"
1698859352.6143692,"layout: 
  dim: []
  data_offset: 0
data: [-2.6183520496902863, 0.31587305026335644, -0.487, -28.0]"
1698859352.6655421,"layout: 
  dim: []
  data_offset: 0
data: [-2.6120284307161845, 0.3108718660965435, -0.478, -27.0]"
1698859352.7146037,"layout: 
  dim: []
  data_offset: 0
data: [-2.6060418006897628, 0.3072441587038848, -0.471, -27.0]"
1698859352.7618484,"layout: 
  dim: []
  data_offset: 0
data: [-2.6031391131593304, 0.3043159501900199, -0.467, -27.0]"
1698859352.8011594,"layout: 
  dim: []
  data_offset: 0
data: [-2.602283880298413, 0.30379770627678293, -0.466, -27.0]"
1698859352.8529875,"layout: 
  dim: []
  data_offset: 0
data: [-2.602283880298413, 0.30379770627678293, -0.465, -27.0]"
1698859352.892423,"layout: 
  dim: []
  data_offset: 0
data: [-2.601428647437496, 0.30327946236354597, -0.463, -27.0]"
1698859352.942927,"layout: 
  dim: []
  data_offset: 0
data: [-2.5980077159938264, 0.30120648671059835, -0.459, -26.0]"
1698859352.9968846,"layout: 
  dim: []
  data_offset: 0
data: [-2.5928763188283224, 0.2980970232311768, -0.452, -26.0]"
1698859353.034364,"layout: 
  dim: []
  data_offset: 0
data: [-2.587744921662818, 0.2949875597517553, -0.445, -25.0]"
1698859353.0812268,"layout: 
  dim: []
  data_offset: 0
data: [-2.5790113380880877, 0.29203383025445784, -0.437, -25.0]"
1698859353.1466608,"layout: 
  dim: []
  data_offset: 0
data: [-2.5716512312875124, 0.28874311180947976, -0.429, -25.0]"
1698859353.1708586,"layout: 
  dim: []
  data_offset: 0
data: [-2.567712055930606, 0.2875253690174493, -0.425, -24.0]"
1698859353.2227502,"layout: 
  dim: []
  data_offset: 0
data: [-2.5637728805737, 0.2863076262254186, -0.42, -24.0]"
1698859353.2769952,"layout: 
  dim: []
  data_offset: 0
data: [-2.558978472355876, 0.28457163952015163, -0.414, -24.0]"
1698859353.3210933,"layout: 
  dim: []
  data_offset: 0
data: [-2.5488714120069917, 0.28195489897053416, -0.403, -23.0]"
1698859353.3634856,"layout: 
  dim: []
  data_offset: 0
data: [-2.538427362710427, 0.277964681646763, -0.394, -23.0]"
1698859353.4133794,"layout: 
  dim: []
  data_offset: 0
data: [-2.5235258941437193, 0.27361195439187846, -0.382, -22.0]"
1698859353.4618785,"layout: 
  dim: []
  data_offset: 0
data: [-2.5081061816637744, 0.2701144599979113, -0.37, -21.0]"
1698859353.5027754,"layout: 
  dim: []
  data_offset: 0
data: [-2.4971438884539725, 0.2669794755350572, -0.36, -21.0]"
1698859353.5521173,"layout: 
  dim: []
  data_offset: 0
data: [-2.4834346416958626, 0.2645184689675638, -0.351, -20.0]"
1698859353.601395,"layout: 
  dim: []
  data_offset: 0
data: [-2.4741828142078957, 0.2624199723311835, -0.343, -20.0]"
1698859353.6420202,"layout: 
  dim: []
  data_offset: 0
data: [-2.468351918163598, 0.2623944513477511, -0.339, -19.0]"
1698859353.69083,"layout: 
  dim: []
  data_offset: 0
data: [-2.46218403317162, 0.2609954535901641, -0.333, -19.0]"
1698859353.7424212,"layout: 
  dim: []
  data_offset: 0
data: [-2.4551609153187246, 0.25907821191934066, -0.328, -19.0]"
1698859353.7952945,"layout: 
  dim: []
  data_offset: 0
data: [-2.446764320691675, 0.2574979591961968, -0.32, -18.0]"
1698859353.8394191,"layout: 
  dim: []
  data_offset: 0
data: [-2.4380307371169447, 0.25454422969889934, -0.314, -18.0]"
1698859353.8895016,"layout: 
  dim: []
  data_offset: 0
data: [-2.4270684439071433, 0.25140924523604546, -0.306, -18.0]"
1698859353.9389157,"layout: 
  dim: []
  data_offset: 0
data: [-2.421418802828402, 0.2491550146175412, -0.301, -17.0]"
1698859353.9830608,"layout: 
  dim: []
  data_offset: 0
data: [-2.4166243946105785, 0.24741902791227377, -0.297, -17.0]"
1698859354.0308754,"layout: 
  dim: []
  data_offset: 0
data: [-2.412685219253672, 0.2462012851202433, -0.293, -17.0]"
1698859354.0825262,"layout: 
  dim: []
  data_offset: 0
data: [-2.409264287810003, 0.24412830946729558, -0.288, -17.0]"
1698859354.117192,"layout: 
  dim: []
  data_offset: 0
data: [-2.4044698795921793, 0.2423923227620285, -0.284, -16.0]"
1698859354.1675165,"layout: 
  dim: []
  data_offset: 0
data: [-2.397965005652521, 0.23961984823028737, -0.279, -16.0]"
1698859354.218902,"layout: 
  dim: []
  data_offset: 0
data: [-2.389231422077791, 0.23666611873298948, -0.271, -16.0]"
1698859354.2572258,"layout: 
  dim: []
  data_offset: 0
data: [-2.3822083042248954, 0.23474887706216607, -0.265, -15.0]"
1698859354.306599,"layout: 
  dim: []
  data_offset: 0
data: [-2.373474720650165, 0.2317951475648682, -0.259, -15.0]"
1698859354.3461397,"layout: 
  dim: []
  data_offset: 0
data: [-2.3695355452932594, 0.23057740477283772, -0.256, -15.0]"
1698859354.3923979,"layout: 
  dim: []
  data_offset: 0
data: [-2.366969846710507, 0.22902267303312707, -0.252, -14.0]"
1698859354.443211,"layout: 
  dim: []
  data_offset: 0
data: [-2.3630306713536005, 0.22780493024109683, -0.247, -14.0]"
1698859354.488081,"layout: 
  dim: []
  data_offset: 0
data: [-2.355152320639788, 0.2253694446570359, -0.24, -14.0]"
1698859354.5322907,"layout: 
  dim: []
  data_offset: 0
data: [-2.3460817481173777, 0.2210422383855839, -0.232, -13.0]"
1698859354.5812683,"layout: 
  dim: []
  data_offset: 0
data: [-2.339058630264482, 0.21912499671476038, -0.225, -13.0]"
1698859354.6284678,"layout: 
  dim: []
  data_offset: 0
data: [-2.3311802795506695, 0.21668951113069945, -0.218, -12.0]"
1698859354.6808267,"layout: 
  dim: []
  data_offset: 0
data: [-2.323820172750094, 0.2133987926857216, -0.212, -12.0]"
1698859354.7208302,"layout: 
  dim: []
  data_offset: 0
data: [-2.317652287758116, 0.21199979492813448, -0.206, -12.0]"
1698859354.7771616,"layout: 
  dim: []
  data_offset: 0
data: [-2.311484402766138, 0.21060079717054792, -0.2, -11.0]"
1698859354.817083,"layout: 
  dim: []
  data_offset: 0
data: [-2.302232575278171, 0.2085023005341674, -0.192, -11.0]"
1698859354.8608565,"layout: 
  dim: []
  data_offset: 0
data: [-2.2946912135120385, 0.20744029172426115, -0.185, -11.0]"
1698859354.9167802,"layout: 
  dim: []
  data_offset: 0
data: [-2.2857763749717526, 0.20671527186203498, -0.177, -10.0]"
1698859354.9538379,"layout: 
  dim: []
  data_offset: 0
data: [-2.2768615364314657, 0.20599025199980925, -0.17, -10.0]"
1698859355.010875,"layout: 
  dim: []
  data_offset: 0
data: [-2.2724041171613223, 0.20562774206869627, -0.166, -10.0]"
1698859355.0510662,"layout: 
  dim: []
  data_offset: 0
data: [-2.2665732211170253, 0.20560222108526338, -0.161, -9.0]"
1698859355.0978549,"layout: 
  dim: []
  data_offset: 0
data: [-2.262115801846882, 0.20523971115415063, -0.158, -9.0]"
1698859355.145547,"layout: 
  dim: []
  data_offset: 0
data: [-2.256284905802584, 0.20521419017071807, -0.153, -9.0]"
1698859355.19153,"layout: 
  dim: []
  data_offset: 0
data: [-2.2495987768973693, 0.20467042527404833, -0.148, -8.0]"
1698859355.2398975,"layout: 
  dim: []
  data_offset: 0
data: [-2.240683938357083, 0.20394540541182238, -0.142, -8.0]"
1698859355.2830658,"layout: 
  dim: []
  data_offset: 0
data: [-2.2326243326777138, 0.20373862946283317, -0.137, -8.0]"
1698859355.3315773,"layout: 
  dim: []
  data_offset: 0
data: [-2.227648669494333, 0.20423135239263768, -0.133, -8.0]"
1698859355.3822455,"layout: 
  dim: []
  data_offset: 0
data: [-2.2245647269983446, 0.20353185351384429, -0.13, -7.0]"
1698859355.4248748,"layout: 
  dim: []
  data_offset: 0
data: [-2.2209625405891185, 0.20368758749596838, -0.126, -7.0]"
1698859355.480067,"layout: 
  dim: []
  data_offset: 0
data: [-2.2125659459620692, 0.20210733477282494, -0.119, -7.0]"
1698859355.5205557,"layout: 
  dim: []
  data_offset: 0
data: [-2.2022776306476284, 0.20171930385827952, -0.113, -6.0]"
1698859355.5728981,"layout: 
  dim: []
  data_offset: 0
data: [-2.1947362688814955, 0.20065729504837293, -0.109, -6.0]"
1698859355.6138124,"layout: 
  dim: []
  data_offset: 0
data: [-2.1863396742544463, 0.19907704232522938, -0.103, -6.0]"
1698859355.663737,"layout: 
  dim: []
  data_offset: 0
data: [-2.175714369992325, 0.19731553463652962, -0.097, -6.0]"
1698859355.7115524,"layout: 
  dim: []
  data_offset: 0
data: [-2.163378600008369, 0.19451753912135572, -0.09, -5.0]"
1698859355.7540066,"layout: 
  dim: []
  data_offset: 0
data: [-2.151898062885331, 0.1922377875194191, -0.083, -5.0]"
1698859355.8156655,"layout: 
  dim: []
  data_offset: 0
data: [-2.133394407909397, 0.18804079424665865, -0.074, -4.0]"
1698859355.853748,"layout: 
  dim: []
  data_offset: 0
data: [-2.115227741881143, 0.18521727774805252, -0.069, -4.0]"
1698859355.8937979,"layout: 
  dim: []
  data_offset: 0
data: [-2.103747204758105, 0.1829375261461158, -0.066, -4.0]"
1698859355.9428818,"layout: 
  dim: []
  data_offset: 0
data: [-2.0950136211833748, 0.17998379664881803, -0.064, -4.0]"
1698859355.9951577,"layout: 
  dim: []
  data_offset: 0
data: [-2.09330315546154, 0.17894730882234422, -0.064, -4.0]"
1698859356.0574455,"layout: 
  dim: []
  data_offset: 0
data: [-2.09330315546154, 0.17894730882234422, -0.063, -4.0]"
1698859356.0880423,"layout: 
  dim: []
  data_offset: 0
data: [-2.0946766322356942, 0.1786103198746638, -0.064, -4.0]"
1698859356.1377056,"layout: 
  dim: []
  data_offset: 0
data: [-2.09330315546154, 0.17894730882234422, -0.064, -4.0]"
1698859356.178687,"layout: 
  dim: []
  data_offset: 0
data: [-2.09330315546154, 0.17894730882234422, -0.063, -4.0]"
1698859356.2220836,"layout: 
  dim: []
  data_offset: 0
data: [-2.09330315546154, 0.17894730882234422, -0.063, -4.0]"
1698859356.279725,"layout: 
  dim: []
  data_offset: 0
data: [-2.09330315546154, 0.17894730882234422, -0.063, -4.0]"
1698859356.333659,"layout: 
  dim: []
  data_offset: 0
data: [-2.0924479226006225, 0.17842906490910715, -0.064, -4.0]"
1698859356.371906,"layout: 
  dim: []
  data_offset: 0
data: [-2.0915926897397052, 0.1779108209958703, -0.063, -4.0]"
1698859356.4422271,"layout: 
  dim: []
  data_offset: 0
data: [-2.0915926897397052, 0.1779108209958703, -0.063, -4.0]"
1698859356.4652565,"layout: 
  dim: []
  data_offset: 0
data: [-2.0915926897397052, 0.1779108209958703, -0.064, -4.0]"
1698859356.5148005,"layout: 
  dim: []
  data_offset: 0
data: [-2.0915926897397052, 0.1779108209958703, -0.063, -4.0]"
1698859356.5480716,"layout: 
  dim: []
  data_offset: 0
data: [-2.0862800376086446, 0.17703006715152036, -0.062, -4.0]"
1698859356.600625,"layout: 
  dim: []
  data_offset: 0
data: [-2.074281256572369, 0.17560554841050102, -0.059, -3.0]"
1698859356.6422036,"layout: 
  dim: []
  data_offset: 0
data: [-2.056969823405033, 0.17330027582513174, -0.053, -3.0]"
1698859356.6911058,"layout: 
  dim: []
  data_offset: 0
data: [-2.0382849134635426, 0.17133199218744266, -0.048, -3.0]"
1698859356.7400818,"layout: 
  dim: []
  data_offset: 0
data: [-2.024057422792196, 0.16972621848086678, -0.045, -3.0]"
1698859356.785845,"layout: 
  dim: []
  data_offset: 0
data: [-2.0053725128507054, 0.1677579348431778, -0.041, -2.0]"
1698859356.8357966,"layout: 
  dim: []
  data_offset: 0
data: [-1.9883980686310494, 0.16682613903196264, -0.038, -2.0]"
1698859356.8898873,"layout: 
  dim: []
  data_offset: 0
data: [-1.9714236244113938, 0.1658943432207476, -0.035, -2.0]"
1698859356.9307601,"layout: 
  dim: []
  data_offset: 0
data: [-1.95667788982681, 0.16514380237508886, -0.032, -2.0]"
1698859356.9748642,"layout: 
  dim: []
  data_offset: 0
data: [-1.9455343416514514, 0.16423752754730658, -0.03, -2.0]"
1698859357.0266023,"layout: 
  dim: []
  data_offset: 0
data: [-1.9343907934760933, 0.16333125271952387, -0.028, -2.0]"
1698859357.0728683,"layout: 
  dim: []
  data_offset: 0
data: [-1.9254759549358074, 0.16260623285729792, -0.027, -2.0]"
1698859357.1209333,"layout: 
  dim: []
  data_offset: 0
data: [-1.9196450588915095, 0.16258071187386536, -0.026, -1.0]"
1698859357.163216,"layout: 
  dim: []
  data_offset: 0
data: [-1.915187639621366, 0.16221820194275238, -0.026, -1.0]"
1698859357.225662,"layout: 
  dim: []
  data_offset: 0
data: [-1.9103932314035426, 0.16048221523748496, -0.026, -1.0]"
1698859357.2692065,"layout: 
  dim: []
  data_offset: 0
data: [-1.9059358121333991, 0.1601197053063721, -0.026, -1.0]"
1698859357.3055735,"layout: 
  dim: []
  data_offset: 0
data: [-1.8989126942805044, 0.15820246363554835, -0.026, -1.0]"
1698859357.3551629,"layout: 
  dim: []
  data_offset: 0
data: [-1.8910343435666914, 0.15576697805148743, -0.026, -1.0]"
1698859357.3924003,"layout: 
  dim: []
  data_offset: 0
data: [-1.8840112257137962, 0.15384973638066368, -0.027, -2.0]"
1698859357.4521985,"layout: 
  dim: []
  data_offset: 0
data: [-1.875277642139066, 0.15089600688336602, -0.028, -2.0]"
1698859357.4974906,"layout: 
  dim: []
  data_offset: 0
data: [-1.8665440585643358, 0.14794227738606858, -0.03, -2.0]"
1698859357.533388,"layout: 
  dim: []
  data_offset: 0
data: [-1.85918395176376, 0.1446515589410906, -0.031, -2.0]"
1698859357.5921192,"layout: 
  dim: []
  data_offset: 0
data: [-1.849595135328113, 0.14117958553055598, -0.032, -2.0]"
1698859357.6313064,"layout: 
  dim: []
  data_offset: 0
data: [-1.8400063188924656, 0.13770761212002136, -0.032, -2.0]"
1698859357.6808605,"layout: 
  dim: []
  data_offset: 0
data: [-1.8360671435355593, 0.136489869327991, -0.033, -2.0]"
1698859357.72197,"layout: 
  dim: []
  data_offset: 0
data: [-1.8312727353177354, 0.13475388262272392, -0.033, -2.0]"
1698859357.7719443,"layout: 
  dim: []
  data_offset: 0
data: [-1.8237313735516034, 0.13369187381281744, -0.034, -2.0]"
1698859357.8214302,"layout: 
  dim: []
  data_offset: 0
data: [-1.8041912307491956, 0.1312053462618914, -0.031, -2.0]"
1698859357.8649518,"layout: 
  dim: []
  data_offset: 0
data: [-1.7841328440335507, 0.1295740515718833, -0.028, -2.0]"
1698859357.9145598,"layout: 
  dim: []
  data_offset: 0
data: [-1.752930909142548, 0.1270364820540919, -0.024, -1.0]"
1698859357.9665608,"layout: 
  dim: []
  data_offset: 0
data: [-1.722247218164782, 0.1236436796753837, -0.02, -1.0]"
1698859358.0011876,"layout: 
  dim: []
  data_offset: 0
data: [-1.7027070753623743, 0.12115715212445788, -0.019, -1.0]"
1698859358.050651,"layout: 
  dim: []
  data_offset: 0
data: [-1.6836851764732037, 0.11781539171261435, -0.02, -1.0]"
1698859358.1026356,"layout: 
  dim: []
  data_offset: 0
data: [-1.6682654639932588, 0.11431789731864739, -0.02, -1.0]"
1698859358.1417546,"layout: 
  dim: []
  data_offset: 0
data: [-1.6554114500960662, 0.11237513466439109, -0.019, -1.0]"
1698859358.1997194,"layout: 
  dim: []
  data_offset: 0
data: [-1.6411839594247186, 0.11076936095781487, -0.018, -1.0]"
1698859358.2465508,"layout: 
  dim: []
  data_offset: 0
data: [-1.6336425976585867, 0.10970735214790861, -0.016, -1.0]"
1698859358.2851028,"layout: 
  dim: []
  data_offset: 0
data: [-1.6297034223016804, 0.10848960935587826, -0.016, -1.0]"
1698859358.3422296,"layout: 
  dim: []
  data_offset: 0
data: [-1.628329945527526, 0.10882659830355879, -0.016, -1.0]"
1698859358.3931336,"layout: 
  dim: []
  data_offset: 0
data: [-1.6274747126666087, 0.10830835439032183, -0.016, -1.0]"
1698859358.4358985,"layout: 
  dim: []
  data_offset: 0
data: [-1.6261012358924543, 0.10864534333800213, -0.016, -1.0]"
1698859358.4752274,"layout: 
  dim: []
  data_offset: 0
data: [-1.6238725262573825, 0.1084640883724457, -0.015, -1.0]"
1698859358.5241416,"layout: 
  dim: []
  data_offset: 0
data: [-1.6207885837613936, 0.10776458949365209, -0.014, -1.0]"
1698859358.5690837,"layout: 
  dim: []
  data_offset: 0
data: [-1.6185598741263223, 0.10758333452809565, -0.014, -1.0]"
1698859358.6142347,"layout: 
  dim: []
  data_offset: 0
data: [-1.6177046412654046, 0.10706509061485892, -0.013, -1.0]"
1698859358.6630878,"layout: 
  dim: []
  data_offset: 0
data: [-1.6185598741263223, 0.10758333452809565, -0.014, -1.0]"
1698859358.7131934,"layout: 
  dim: []
  data_offset: 0
data: [-1.6185598741263223, 0.10758333452809565, -0.014, -1.0]"
1698859358.75456,"layout: 
  dim: []
  data_offset: 0
data: [-1.6177046412654046, 0.10706509061485892, -0.013, -1.0]"
1698859358.804197,"layout: 
  dim: []
  data_offset: 0
data: [-1.6154759316303333, 0.10688383564930226, -0.013, -1.0]"
1698859358.8515832,"layout: 
  dim: []
  data_offset: 0
data: [-1.6034771505940575, 0.10545931690828314, -0.01, -1.0]"
1698859358.8985617,"layout: 
  dim: []
  data_offset: 0
data: [-1.5882131720962365, 0.1055640089235419, -0.007, -0.0]"
1698859358.94696,"layout: 
  dim: []
  data_offset: 0
data: [-1.5662630646932008, 0.10512493604213113, -0.003, -0.0]"
1698859358.9912894,"layout: 
  dim: []
  data_offset: 0
data: [-1.545686434064319, 0.10434887421303962, 0.0, 0.0]"
1698859359.0412157,"layout: 
  dim: []
  data_offset: 0
data: [-1.525965036296355, 0.10409105629718551, 0.002, 0.0]"
1698859359.081946,"layout: 
  dim: []
  data_offset: 0
data: [-1.510701057798534, 0.10419574831244427, 0.003, 0.0]"
1698859359.1308794,"layout: 
  dim: []
  data_offset: 0
data: [-1.4940636025265586, 0.10463742927538355, 0.005, 0.0]"
1698859359.1913254,"layout: 
  dim: []
  data_offset: 0
data: [-1.4787996240287375, 0.10474212129064253, 0.006, 0.0]"
1698859359.222691,"layout: 
  dim: []
  data_offset: 0
data: [-1.4707400183493684, 0.10453534534165332, 0.007, 0.0]"
1698859359.2665205,"layout: 
  dim: []
  data_offset: 0
data: [-1.4554760398515474, 0.10464003735691207, 0.008, 0.0]"
1698859359.3131645,"layout: 
  dim: []
  data_offset: 0
data: [-1.4407303052669636, 0.10388949651125334, 0.01, 1.0]"
1698859359.3631055,"layout: 
  dim: []
  data_offset: 0
data: [-1.4290685131783687, 0.10383845454438823, 0.01, 1.0]"
1698859359.4078906,"layout: 
  dim: []
  data_offset: 0
data: [-1.4134675457328671, 0.10256966978549253, 0.012, 1.0]"
1698859359.457386,"layout: 
  dim: []
  data_offset: 0
data: [-1.3973483343741289, 0.10215611788751455, 0.013, 1.0]"
1698859359.5034006,"layout: 
  dim: []
  data_offset: 0
data: [-1.3817473669286273, 0.10088733312861908, 0.013, 1.0]"
1698859359.5626903,"layout: 
  dim: []
  data_offset: 0
data: [-1.3692303419791148, 0.100318047248517, 0.014, 1.0]"
1698859359.600445,"layout: 
  dim: []
  data_offset: 0
data: [-1.3558580841686854, 0.09923051745517797, 0.015, 1.0]"
1698859359.6477628,"layout: 
  dim: []
  data_offset: 0
data: [-1.3447145359933272, 0.09832424262739559, 0.015, 1.0]"
1698859359.6982715,"layout: 
  dim: []
  data_offset: 0
data: [-1.3349444645921231, 0.09708097885193245, 0.016, 1.0]"
1698859359.7510118,"layout: 
  dim: []
  data_offset: 0
data: [-1.3277400917736712, 0.09739244681618042, 0.016, 1.0]"
1698859359.794149,"layout: 
  dim: []
  data_offset: 0
data: [-1.3210539628684566, 0.0968486819195109, 0.016, 1.0]"
1698859359.8328655,"layout: 
  dim: []
  data_offset: 0
data: [-1.3121391243281701, 0.09612366205728495, 0.017, 1.0]"
1698859359.8810647,"layout: 
  dim: []
  data_offset: 0
data: [-1.3018508090137293, 0.09573563114273909, 0.017, 1.0]"
1698859359.9386072,"layout: 
  dim: []
  data_offset: 0
data: [-1.2898520279774535, 0.09431111240171997, 0.016, 1.0]"
1698859359.9753306,"layout: 
  dim: []
  data_offset: 0
data: [-1.277853246941178, 0.0928865936607004, 0.016, 1.0]"
1698859360.021015,"layout: 
  dim: []
  data_offset: 0
data: [-1.2613970466347593, 0.09109956498856797, 0.015, 1.0]"
1698859360.0755572,"layout: 
  dim: []
  data_offset: 0
data: [-1.2430491256409497, 0.09050475812503356, 0.015, 1.0]"
1698859360.114804,"layout: 
  dim: []
  data_offset: 0
data: [-1.2296768678305199, 0.0894172283316943, 0.014, 1.0]"
1698859360.1661346,"layout: 
  dim: []
  data_offset: 0
data: [-1.2118471907499466, 0.0879671886072424, 0.014, 1.0]"
1698859360.2135773,"layout: 
  dim: []
  data_offset: 0
data: [-1.194872746530291, 0.08703539279602723, 0.015, 1.0]"
1698859360.2630577,"layout: 
  dim: []
  data_offset: 0
data: [-1.1832109544416958, 0.08698435082916212, 0.015, 1.0]"
1698859360.310778,"layout: 
  dim: []
  data_offset: 0
data: [-1.1720674062663377, 0.08607807600137973, 0.016, 1.0]"
1698859360.3541055,"layout: 
  dim: []
  data_offset: 0
data: [-1.1617790909518968, 0.08569004508683409, 0.016, 1.0]"
1698859360.391777,"layout: 
  dim: []
  data_offset: 0
data: [-1.1556112059599193, 0.0842910473292473, 0.016, 1.0]"
1698859360.4536679,"layout: 
  dim: []
  data_offset: 0
data: [-1.1472146113328696, 0.08271079460610387, 0.015, 1.0]"
1698859360.5065289,"layout: 
  dim: []
  data_offset: 0
data: [-1.1348788413489137, 0.07991279909092985, 0.014, 1.0]"
1698859360.547235,"layout: 
  dim: []
  data_offset: 0
data: [-1.119796117816649, 0.07778878147111734, 0.014, 1.0]"
1698859360.624457,"layout: 
  dim: []
  data_offset: 0
data: [-1.107460347832693, 0.07499078595594333, 0.013, 1.0]"
1698859360.6477284,"layout: 
  dim: []
  data_offset: 0
data: [-1.0923776243004286, 0.07286676833613082, 0.012, 1.0]"
1698859360.7145905,"layout: 
  dim: []
  data_offset: 0
data: [-1.079523610403236, 0.07092400568187451, 0.012, 1.0]"
1698859360.7432928,"layout: 
  dim: []
  data_offset: 0
data: [-1.0644408868709712, 0.06879998806206156, 0.012, 1.0]"
1698859360.81111,"layout: 
  dim: []
  data_offset: 0
data: [-1.050213396199624, 0.06719421435548578, 0.013, 1.0]"
1698859360.848441,"layout: 
  dim: []
  data_offset: 0
data: [-1.0382146151633487, 0.065769695614466, 0.014, 1.0]"
1698859360.8611243,"layout: 
  dim: []
  data_offset: 0
data: [-1.028444543762145, 0.0645264318390033, 0.015, 1.0]"
1698859360.9197795,"layout: 
  dim: []
  data_offset: 0
data: [-1.0159275188126324, 0.06395714595890101, 0.018, 1.0]"
1698859360.9647396,"layout: 
  dim: []
  data_offset: 0
data: [-1.000326551367131, 0.06268836120000554, 0.019, 1.0]"
1698859361.0068786,"layout: 
  dim: []
  data_offset: 0
data: [-0.9872912825043817, 0.06297430818082095, 0.026, 1.0]"
1698859361.0507252,"layout: 
  dim: []
  data_offset: 0
data: [-0.9706538272324065, 0.06341598914376001, 0.031, 2.0]"
1698859361.1010962,"layout: 
  dim: []
  data_offset: 0
data: [-0.9545346158736682, 0.06300243724578203, 0.033, 2.0]"
1698859361.140946,"layout: 
  dim: []
  data_offset: 0
data: [-0.9437280566459904, 0.06346963919215387, 0.034, 2.0]"
1698859361.1982424,"layout: 
  dim: []
  data_offset: 0
data: [-0.9320662645573953, 0.06341859722528853, 0.035, 2.0]"
1698859361.2409117,"layout: 
  dim: []
  data_offset: 0
data: [-0.9240066588780261, 0.06321182127629954, 0.036, 2.0]"
1698859361.2813444,"layout: 
  dim: []
  data_offset: 0
data: [-0.9132000996503483, 0.06367902322267138, 0.037, 2.0]"
1698859361.330762,"layout: 
  dim: []
  data_offset: 0
data: [-0.903767017196825, 0.0638092362213627, 0.038, 2.0]"
1698859361.3771062,"layout: 
  dim: []
  data_offset: 0
data: [-0.8893582715599214, 0.06443217214985841, 0.04, 2.0]"
1698859361.431341,"layout: 
  dim: []
  data_offset: 0
data: [-0.8763230026971721, 0.06471811913067338, 0.041, 2.0]"
1698859361.4748502,"layout: 
  dim: []
  data_offset: 0
data: [-0.8655164434694943, 0.06518532107704522, 0.042, 2.0]"
1698859361.5241282,"layout: 
  dim: []
  data_offset: 0
data: [-0.8533364074676623, 0.06598951197109759, 0.043, 2.0]"
1698859361.5827851,"layout: 
  dim: []
  data_offset: 0
data: [-0.8430480921532216, 0.06560148105655195, 0.044, 3.0]"
1698859361.6156557,"layout: 
  dim: []
  data_offset: 0
data: [-0.8336150096996983, 0.06573169405524326, 0.044, 3.0]"
1698859361.659296,"layout: 
  dim: []
  data_offset: 0
data: [-0.8269288807944831, 0.06518792915857374, 0.045, 3.0]"
1698859361.7065113,"layout: 
  dim: []
  data_offset: 0
data: [-0.8180140422541967, 0.06446290929634779, 0.044, 3.0]"
1698859361.7546003,"layout: 
  dim: []
  data_offset: 0
data: [-0.8077257269397559, 0.06407487838180215, 0.036, 2.0]"
1698859361.810585,"layout: 
  dim: []
  data_offset: 0
data: [-0.7974374116253151, 0.06368684746725672, 0.033, 2.0]"
1698859361.8546548,"layout: 
  dim: []
  data_offset: 0
data: [-0.7823546880930506, 0.06156282984744377, 0.031, 2.0]"
1698859361.891026,"layout: 
  dim: []
  data_offset: 0
data: [-0.7645250110124776, 0.060112790122991644, 0.03, 2.0]"
1698859361.9425917,"layout: 
  dim: []
  data_offset: 0
data: [-0.7472135778451415, 0.05780751753762248, 0.029, 2.0]"
1698859361.991742,"layout: 
  dim: []
  data_offset: 0
data: [-0.7329860871737944, 0.0562017438310467, 0.028, 2.0]"
1698859362.0311701,"layout: 
  dim: []
  data_offset: 0
data: [-0.7163996738686843, 0.044981632705390684, 0.025, 1.0]"
1698859362.081075,"layout: 
  dim: []
  data_offset: 0
data: [-0.7020164492152131, 0.03977367258958875, 0.023, 1.0]"
1698859362.134543,"layout: 
  dim: []
  data_offset: 0
data: [-0.6913911449530921, 0.03801216490088888, 0.022, 1.0]"
1698859362.1817412,"layout: 
  dim: []
  data_offset: 0
data: [-0.6780188871426621, 0.03692463510754984, 0.021, 1.0]"
1698859362.2332306,"layout: 
  dim: []
  data_offset: 0
data: [-0.6660201061063867, 0.0355001163665305, 0.021, 1.0]"
1698859362.2741077,"layout: 
  dim: []
  data_offset: 0
data: [-0.6584787443402546, 0.03443810755662402, 0.02, 1.0]"
1698859362.3181503,"layout: 
  dim: []
  data_offset: 0
data: [-0.6481904290258137, 0.034050076642078375, 0.02, 1.0]"
1698859362.3660402,"layout: 
  dim: []
  data_offset: 0
data: [-0.6392755904855273, 0.033325056779852424, 0.021, 1.0]"
1698859362.4122329,"layout: 
  dim: []
  data_offset: 0
data: [-0.6325894615803123, 0.03278129188318313, 0.021, 1.0]"
1698859362.4662008,"layout: 
  dim: []
  data_offset: 0
data: [-0.6228193901791085, 0.03153802810772022, 0.022, 1.0]"
1698859362.5049767,"layout: 
  dim: []
  data_offset: 0
data: [-0.6111575980905133, 0.03148698614085488, 0.023, 1.0]"
1698859362.5511363,"layout: 
  dim: []
  data_offset: 0
data: [-0.5977853402800836, 0.03039945634751584, 0.024, 1.0]"
1698859362.6006875,"layout: 
  dim: []
  data_offset: 0
data: [-0.5857865592438081, 0.028974937606496498, 0.025, 1.0]"
1698859362.6416783,"layout: 
  dim: []
  data_offset: 0
data: [-0.5682938711109156, 0.0288983746561986, 0.026, 1.0]"
1698859362.7014878,"layout: 
  dim: []
  data_offset: 0
data: [-0.5490907172561883, 0.027785323879427226, 0.028, 2.0]"
1698859362.7548482,"layout: 
  dim: []
  data_offset: 0
data: [-0.529887563401461, 0.02667227310265541, 0.029, 2.0]"
1698859362.7990587,"layout: 
  dim: []
  data_offset: 0
data: [-0.5151418288168769, 0.0259217322569969, 0.03, 2.0]"
1698859362.83172,"layout: 
  dim: []
  data_offset: 0
data: [-0.5012513270932102, 0.025689435324575127, 0.03, 2.0]"
1698859362.882593,"layout: 
  dim: []
  data_offset: 0
data: [-0.48907129109137826, 0.026493626218627497, 0.031, 2.0]"
1698859362.9421537,"layout: 
  dim: []
  data_offset: 0
data: [-0.47826473186370044, 0.02696082816499934, 0.032, 2.0]"
1698859362.9785964,"layout: 
  dim: []
  data_offset: 0
data: [-0.46883164941017696, 0.027091041163690432, 0.032, 2.0]"
1698859363.025067,"layout: 
  dim: []
  data_offset: 0
data: [-0.44786698786674983, 0.03660329464904022, 0.031, 2.0]"
1698859363.0720527,"layout: 
  dim: []
  data_offset: 0
data: [-0.42845705806303336, 0.043549849551637765, 0.03, 2.0]"
1698859363.1182077,"layout: 
  dim: []
  data_offset: 0
data: [-0.41627702206120154, 0.044354040445690135, 0.03, 2.0]"
1698859363.167252,"layout: 
  dim: []
  data_offset: 0
data: [-0.40135003251106083, 0.04583220923510334, 0.03, 2.0]"
1698859363.211745,"layout: 
  dim: []
  data_offset: 0
data: [-0.3869412868741573, 0.04645514516359883, 0.03, 2.0]"
1698859363.2520285,"layout: 
  dim: []
  data_offset: 0
data: [-0.37442426192464495, 0.04588585928349653, 0.03, 2.0]"
1698859363.300978,"layout: 
  dim: []
  data_offset: 0
data: [-0.3577868066526697, 0.04632754024643582, 0.03, 2.0]"
1698859363.362572,"layout: 
  dim: []
  data_offset: 0
data: [-0.3425228281548487, 0.04643223226169457, 0.031, 2.0]"
1698859363.3988385,"layout: 
  dim: []
  data_offset: 0
data: [-0.3294875592920994, 0.04671817924250998, 0.032, 2.0]"
1698859363.442953,"layout: 
  dim: []
  data_offset: 0
data: [-0.31507881365519574, 0.0473411151710057, 0.032, 2.0]"
1698859363.495304,"layout: 
  dim: []
  data_offset: 0
data: [-0.30118831193152906, 0.04710881823858393, 0.032, 2.0]"
1698859363.5320463,"layout: 
  dim: []
  data_offset: 0
data: [-0.29175522947800564, 0.04723903123727524, 0.033, 2.0]"
1698859363.5811682,"layout: 
  dim: []
  data_offset: 0
data: [-0.2823221470244821, 0.04736924423596678, 0.034, 2.0]"
1698859363.6334577,"layout: 
  dim: []
  data_offset: 0
data: [-0.27426254134511296, 0.047162468286977566, 0.034, 2.0]"
1698859363.67861,"layout: 
  dim: []
  data_offset: 0
data: [-0.2626007492565179, 0.04711142632011245, 0.035, 2.0]"
1698859363.7271667,"layout: 
  dim: []
  data_offset: 0
data: [-0.2506019682202425, 0.045686907579092884, 0.034, 2.0]"
1698859363.7712076,"layout: 
  dim: []
  data_offset: 0
data: [-0.23585623363565833, 0.044936366733434374, 0.034, 2.0]"
1698859363.8140209,"layout: 
  dim: []
  data_offset: 0
data: [-0.220255266190157, 0.043667581974538905, 0.034, 2.0]"
1698859363.8609562,"layout: 
  dim: []
  data_offset: 0
data: [-0.20688300837972723, 0.04258005218119987, 0.034, 2.0]"
1698859363.9092155,"layout: 
  dim: []
  data_offset: 0
data: [-0.1907637970209889, 0.042166500283221664, 0.034, 2.0]"
1698859363.9634356,"layout: 
  dim: []
  data_offset: 0
data: [-0.1765363063496418, 0.04056072657664589, 0.035, 2.0]"
1698859364.0017097,"layout: 
  dim: []
  data_offset: 0
data: [-0.16539275817428356, 0.039654451748863506, 0.035, 2.0]"
1698859364.051032,"layout: 
  dim: []
  data_offset: 0
data: [-0.15373096608568848, 0.03960340978199817, 0.035, 2.0]"
1698859364.1028268,"layout: 
  dim: []
  data_offset: 0
data: [-0.14396089468448464, 0.038360146006535256, 0.035, 2.0]"
1698859364.146776,"layout: 
  dim: []
  data_offset: 0
data: [-0.12921516009990058, 0.03760960516087675, 0.036, 2.0]"
1698859364.191356,"layout: 
  dim: []
  data_offset: 0
data: [-0.1130959487411623, 0.03719605326289854, 0.036, 2.0]"
1698859364.2534864,"layout: 
  dim: []
  data_offset: 0
data: [-0.09835021415657824, 0.03644551241723981, 0.036, 2.0]"
1698859364.2985148,"layout: 
  dim: []
  data_offset: 0
data: [-0.07914706030185098, 0.03533246164046844, 0.036, 2.0]"
1698859364.3319309,"layout: 
  dim: []
  data_offset: 0
data: [-0.062172616082195264, 0.034400665829253274, 0.035, 2.0]"
1698859364.38811,"layout: 
  dim: []
  data_offset: 0
data: [-0.04742688149761132, 0.03365012498359454, 0.035, 2.0]"
1698859364.4304223,"layout: 
  dim: []
  data_offset: 0
data: [-0.03765681009640742, 0.03240686120813163, 0.034, 2.0]"
1698859364.4716253,"layout: 
  dim: []
  data_offset: 0
data: [-0.027368494781966568, 0.03201883029358621, 0.034, 2.0]"
1698859364.521401,"layout: 
  dim: []
  data_offset: 0
data: [-0.017080179467525824, 0.031630799379040564, 0.033, 2.0]"
1698859364.5678096,"layout: 
  dim: []
  data_offset: 0
data: [-0.010394050562310797, 0.031087034482371267, 0.032, 2.0]"
1698859364.6147776,"layout: 
  dim: []
  data_offset: 0
data: [-0.00010573524787010902, 0.030699003567825622, 0.031, 2.0]"
1698859364.6894453,"layout: 
  dim: []
  data_offset: 0
data: [0.010700823979807594, 0.031166205514197243, 0.032, 2.0]"
1698859364.7223482,"layout: 
  dim: []
  data_offset: 0
data: [0.02098913929424845, 0.03077817459965182, 0.032, 2.0]"
1698859364.766743,"layout: 
  dim: []
  data_offset: 0
data: [0.03298792033052389, 0.029353655858632255, 0.031, 2.0]"
1698859364.819667,"layout: 
  dim: []
  data_offset: 0
data: [0.04773365491510795, 0.028603115012973745, 0.03, 2.0]"
1698859364.852167,"layout: 
  dim: []
  data_offset: 0
data: [0.06281637844737248, 0.02647909739316101, 0.028, 2.0]"
1698859364.90556,"layout: 
  dim: []
  data_offset: 0
data: [0.06776652064732003, 0.02114092427866754, 0.026, 1.0]"
1698859364.9566514,"layout: 
  dim: []
  data_offset: 0
data: [0.06927021042016568, 0.012044830772824477, 0.025, 1.0]"
1698859364.9936292,"layout: 
  dim: []
  data_offset: 0
data: [0.08075074754320427, 0.009765079170887647, 0.024, 1.0]"
1698859365.03704,"layout: 
  dim: []
  data_offset: 0
data: [0.09103906285764513, 0.009377048256342446, 0.023, 1.0]"
1698859365.0827003,"layout: 
  dim: []
  data_offset: 0
data: [0.10132737817208587, 0.008989017341796579, 0.023, 1.0]"
1698859365.1325989,"layout: 
  dim: []
  data_offset: 0
data: [0.10938698385145496, 0.008782241392807588, 0.023, 1.0]"
1698859365.1831152,"layout: 
  dim: []
  data_offset: 0
data: [0.11521787989575255, 0.00875672040937503, 0.023, 1.0]"
1698859365.230706,"layout: 
  dim: []
  data_offset: 0
data: [0.12275924166188479, 0.007694711599468551, 0.023, 1.0]"
1698859365.271607,"layout: 
  dim: []
  data_offset: 0
data: [0.13030060342801703, 0.006632702789562295, 0.023, 1.0]"
1698859365.327425,"layout: 
  dim: []
  data_offset: 0
data: [0.1352762666113972, 0.007125425719366474, 0.022, 1.0]"
1698859365.3647892,"layout: 
  dim: []
  data_offset: 0
data: [0.13836020910738622, 0.006425926840573082, 0.022, 1.0]"
1698859365.4111302,"layout: 
  dim: []
  data_offset: 0
data: [0.15502318536279408, 0.012698503847809794, 0.022, 1.0]"
1698859365.4613104,"layout: 
  dim: []
  data_offset: 0
data: [0.1605170924594111, 0.014046459638531461, 0.021, 1.0]"
1698859365.5009556,"layout: 
  dim: []
  data_offset: 0
data: [0.15054024510921815, 0.00723011773462523, 0.022, 1.0]"
1698859365.550841,"layout: 
  dim: []
  data_offset: 0
data: [0.15310594369197017, 0.005675385994914572, 0.023, 1.0]"
1698859365.6007857,"layout: 
  dim: []
  data_offset: 0
data: [0.16150253831901978, 0.004095133271771356, 0.023, 1.0]"
1698859365.6408217,"layout: 
  dim: []
  data_offset: 0
data: [0.18726160808027065, 0.011871400051853609, 0.023, 1.0]"
1698859365.6929157,"layout: 
  dim: []
  data_offset: 0
data: [0.19187476133253778, 0.007906703711514584, 0.023, 1.0]"
1698859365.7427187,"layout: 
  dim: []
  data_offset: 0
data: [0.21916304185006685, 0.012417773030051427, 0.023, 1.0]"
1698859365.7931983,"layout: 
  dim: []
  data_offset: 0
data: [0.23528225320880514, 0.012004221132073445, 0.023, 1.0]"
1698859365.8411624,"layout: 
  dim: []
  data_offset: 0
data: [0.2436788478358548, 0.010423968408930007, 0.022, 1.0]"
1698859365.8830504,"layout: 
  dim: []
  data_offset: 0
data: [0.24899149996691544, 0.00954321456457996, 0.021, 1.0]"
1698859365.9530327,"layout: 
  dim: []
  data_offset: 0
data: [0.24417157076565915, 0.005448305225549843, 0.021, 1.0]"
1698859365.9809172,"layout: 
  dim: []
  data_offset: 0
data: [0.2316290248327142, 0.0001866950613542695, 0.022, 1.0]"
1698859366.0218399,"layout: 
  dim: []
  data_offset: 0
data: [0.2245803859963863, -0.0037269593121194156, 0.022, 1.0]"
1698859366.0836966,"layout: 
  dim: []
  data_offset: 0
data: [0.22320690922223196, -0.004063948259799721, 0.022, 1.0]"
1698859366.1129355,"layout: 
  dim: []
  data_offset: 0
data: [0.22320690922223196, -0.004063948259799721, 0.022, 1.0]"
1698859366.163692,"layout: 
  dim: []
  data_offset: 0
data: [0.22320690922223196, -0.004063948259799721, 0.022, 1.0]"
1698859366.2117987,"layout: 
  dim: []
  data_offset: 0
data: [0.22320690922223196, -0.004063948259799721, 0.022, 1.0]"
1698859366.2549558,"layout: 
  dim: []
  data_offset: 0
data: [0.22320690922223196, -0.004063948259799721, 0.022, 1.0]"
1698859366.302149,"layout: 
  dim: []
  data_offset: 0
data: [0.22320690922223196, -0.004063948259799721, 0.022, 1.0]"
1698859366.3579266,"layout: 
  dim: []
  data_offset: 0
data: [0.22320690922223196, -0.004063948259799721, 0.022, 1.0]"
1698859366.3925028,"layout: 
  dim: []
  data_offset: 0
data: [0.22320690922223196, -0.004063948259799721, 0.022, 1.0]"
1698859366.44115,"layout: 
  dim: []
  data_offset: 0
data: [0.22320690922223196, -0.004063948259799721, 0.022, 1.0]"
1698859366.492724,"layout: 
  dim: []
  data_offset: 0
data: [0.22320690922223196, -0.004063948259799721, 0.022, 1.0]"
1698859366.542952,"layout: 
  dim: []
  data_offset: 0
data: [0.22320690922223196, -0.004063948259799721, 0.022, 1.0]"
1698859366.590148,"layout: 
  dim: []
  data_offset: 0
data: [0.22320690922223196, -0.004063948259799721, 0.022, 1.0]"
1698859366.6336374,"layout: 
  dim: []
  data_offset: 0
data: [0.22320690922223196, -0.004063948259799721, 0.022, 1.0]"
1698859366.6808467,"layout: 
  dim: []
  data_offset: 0
data: [0.22320690922223196, -0.004063948259799721, 0.022, 1.0]"
1698859366.722808,"layout: 
  dim: []
  data_offset: 0
data: [0.22320690922223196, -0.004063948259799721, 0.022, 1.0]"
1698859366.7712505,"layout: 
  dim: []
  data_offset: 0
data: [0.22320690922223196, -0.004063948259799721, 0.022, 1.0]"
1698859366.8215406,"layout: 
  dim: []
  data_offset: 0
data: [0.22320690922223196, -0.004063948259799721, 0.022, 1.0]"
1698859366.8672855,"layout: 
  dim: []
  data_offset: 0
data: [0.22320690922223196, -0.004063948259799721, 0.022, 1.0]"
1698859366.9109182,"layout: 
  dim: []
  data_offset: 0
data: [0.22320690922223196, -0.004063948259799721, 0.022, 1.0]"
1698859366.960956,"layout: 
  dim: []
  data_offset: 0
data: [0.22320690922223196, -0.004063948259799721, 0.022, 1.0]"
1698859367.001419,"layout: 
  dim: []
  data_offset: 0
data: [0.22320690922223196, -0.004063948259799721, 0.022, 1.0]"
1698859367.052698,"layout: 
  dim: []
  data_offset: 0
data: [0.22320690922223196, -0.004063948259799721, 0.022, 1.0]"
1698859367.1013656,"layout: 
  dim: []
  data_offset: 0
data: [0.22320690922223196, -0.004063948259799721, 0.022, 1.0]"
1698859367.1447728,"layout: 
  dim: []
  data_offset: 0
data: [0.22320690922223196, -0.004063948259799721, 0.022, 1.0]"
1698859367.2074103,"layout: 
  dim: []
  data_offset: 0
data: [0.22320690922223196, -0.004063948259799721, 0.022, 1.0]"
1698859367.2548015,"layout: 
  dim: []
  data_offset: 0
data: [0.22320690922223196, -0.004063948259799721, 0.022, 1.0]"
1698859367.2963073,"layout: 
  dim: []
  data_offset: 0
data: [0.22320690922223196, -0.004063948259799721, 0.022, 1.0]"
1698859367.3308835,"layout: 
  dim: []
  data_offset: 0
data: [0.22320690922223196, -0.004063948259799721, 0.022, 1.0]"
1698859367.3823216,"layout: 
  dim: []
  data_offset: 0
data: [0.22320690922223196, -0.004063948259799721, 0.022, 1.0]"
1698859367.4306915,"layout: 
  dim: []
  data_offset: 0
data: [0.22320690922223196, -0.004063948259799721, 0.022, 1.0]"
1698859367.4769845,"layout: 
  dim: []
  data_offset: 0
data: [0.22320690922223196, -0.004063948259799721, 0.022, 1.0]"
1698859367.5202522,"layout: 
  dim: []
  data_offset: 0
data: [0.22320690922223196, -0.004063948259799721, 0.022, 1.0]"
1698859367.572879,"layout: 
  dim: []
  data_offset: 0
data: [0.22320690922223196, -0.004063948259799721, 0.022, 1.0]"
1698859367.613421,"layout: 
  dim: []
  data_offset: 0
data: [0.22320690922223196, -0.004063948259799721, 0.022, 1.0]"
1698859367.6622455,"layout: 
  dim: []
  data_offset: 0
data: [0.22320690922223196, -0.004063948259799721, 0.022, 1.0]"
1698859367.7147589,"layout: 
  dim: []
  data_offset: 0
data: [0.22320690922223196, -0.004063948259799721, 0.022, 1.0]"
1698859367.7544124,"layout: 
  dim: []
  data_offset: 0
data: [0.22320690922223196, -0.004063948259799721, 0.022, 1.0]"
1698859367.810744,"layout: 
  dim: []
  data_offset: 0
data: [0.22320690922223196, -0.004063948259799721, 0.022, 1.0]"
1698859367.8519855,"layout: 
  dim: []
  data_offset: 0
data: [0.22320690922223196, -0.004063948259799721, 0.022, 1.0]"
1698859367.901828,"layout: 
  dim: []
  data_offset: 0
data: [0.22320690922223196, -0.004063948259799721, 0.022, 1.0]"
1698859367.938245,"layout: 
  dim: []
  data_offset: 0
data: [0.22320690922223196, -0.004063948259799721, 0.022, 1.0]"
1698859367.9872236,"layout: 
  dim: []
  data_offset: 0
data: [0.22320690922223196, -0.004063948259799721, 0.022, 1.0]"
1698859368.0329087,"layout: 
  dim: []
  data_offset: 0
data: [0.22320690922223196, -0.004063948259799721, 0.022, 1.0]"
1698859368.078968,"layout: 
  dim: []
  data_offset: 0
data: [0.22320690922223196, -0.004063948259799721, 0.022, 1.0]"
1698859368.1259294,"layout: 
  dim: []
  data_offset: 0
data: [0.22320690922223196, -0.004063948259799721, 0.022, 1.0]"
1698859368.1741195,"layout: 
  dim: []
  data_offset: 0
data: [0.22320690922223196, -0.004063948259799721, 0.022, 1.0]"
1698859368.2212775,"layout: 
  dim: []
  data_offset: 0
data: [0.22320690922223196, -0.004063948259799721, 0.022, 1.0]"
1698859368.2674022,"layout: 
  dim: []
  data_offset: 0
data: [0.22320690922223196, -0.004063948259799721, 0.022, 1.0]"
1698859368.3165593,"layout: 
  dim: []
  data_offset: 0
data: [0.22320690922223196, -0.004063948259799721, 0.022, 1.0]"
1698859368.3737295,"layout: 
  dim: []
  data_offset: 0
data: [0.22320690922223196, -0.004063948259799721, 0.022, 1.0]"
1698859368.4134414,"layout: 
  dim: []
  data_offset: 0
data: [0.22320690922223196, -0.004063948259799721, 0.022, 1.0]"
1698859368.475403,"layout: 
  dim: []
  data_offset: 0
data: [0.22320690922223196, -0.004063948259799721, 0.022, 1.0]"
1698859368.5161128,"layout: 
  dim: []
  data_offset: 0
data: [0.22320690922223196, -0.004063948259799721, 0.022, 1.0]"
1698859368.5588062,"layout: 
  dim: []
  data_offset: 0
data: [0.22320690922223196, -0.004063948259799721, 0.022, 1.0]"
1698859368.6169732,"layout: 
  dim: []
  data_offset: 0
data: [0.22320690922223196, -0.004063948259799721, 0.022, 1.0]"
1698859368.6494231,"layout: 
  dim: []
  data_offset: 0
data: [0.22320690922223196, -0.004063948259799721, 0.022, 1.0]"
1698859368.7027743,"layout: 
  dim: []
  data_offset: 0
data: [0.22320690922223196, -0.004063948259799721, 0.022, 1.0]"
1698859368.7491581,"layout: 
  dim: []
  data_offset: 0
data: [0.22320690922223196, -0.004063948259799721, 0.022, 1.0]"
1698859368.782765,"layout: 
  dim: []
  data_offset: 0
data: [0.22320690922223196, -0.004063948259799721, 0.022, 1.0]"
1698859368.8346019,"layout: 
  dim: []
  data_offset: 0
data: [0.22320690922223196, -0.004063948259799721, 0.021, 1.0]"
1698859368.8855276,"layout: 
  dim: []
  data_offset: 0
data: [0.22320690922223196, -0.004063948259799721, 0.021, 1.0]"
1698859368.9215875,"layout: 
  dim: []
  data_offset: 0
data: [0.22320690922223196, -0.004063948259799721, 0.021, 1.0]"
1698859368.9711156,"layout: 
  dim: []
  data_offset: 0
data: [0.22320690922223196, -0.004063948259799721, 0.021, 1.0]"
1698859369.0218117,"layout: 
  dim: []
  data_offset: 0
data: [0.22320690922223196, -0.004063948259799721, 0.021, 1.0]"
1698859369.0738125,"layout: 
  dim: []
  data_offset: 0
data: [0.22320690922223196, -0.004063948259799721, 0.021, 1.0]"
1698859369.11856,"layout: 
  dim: []
  data_offset: 0
data: [0.22320690922223196, -0.004063948259799721, 0.021, 1.0]"
1698859369.1696396,"layout: 
  dim: []
  data_offset: 0
data: [0.22320690922223196, -0.004063948259799721, 0.021, 1.0]"
1698859369.2110088,"layout: 
  dim: []
  data_offset: 0
data: [0.22320690922223196, -0.004063948259799721, 0.021, 1.0]"
1698859369.2508671,"layout: 
  dim: []
  data_offset: 0
data: [0.22320690922223196, -0.004063948259799721, 0.021, 1.0]"
1698859369.3035438,"layout: 
  dim: []
  data_offset: 0
data: [0.22320690922223196, -0.004063948259799721, 0.021, 1.0]"
1698859369.3582227,"layout: 
  dim: []
  data_offset: 0
data: [0.22320690922223196, -0.004063948259799721, 0.021, 1.0]"
1698859369.4023614,"layout: 
  dim: []
  data_offset: 0
data: [0.22320690922223196, -0.004063948259799721, 0.021, 1.0]"
1698859369.4552598,"layout: 
  dim: []
  data_offset: 0
data: [0.22320690922223196, -0.004063948259799721, 0.021, 1.0]"
1698859369.5069788,"layout: 
  dim: []
  data_offset: 0
data: [0.22320690922223196, -0.004063948259799721, 0.021, 1.0]"
1698859369.5414414,"layout: 
  dim: []
  data_offset: 0
data: [0.22320690922223196, -0.004063948259799721, 0.021, 1.0]"
1698859369.5899453,"layout: 
  dim: []
  data_offset: 0
data: [0.22320690922223196, -0.004063948259799721, 0.021, 1.0]"
1698859369.632822,"layout: 
  dim: []
  data_offset: 0
data: [0.22320690922223196, -0.004063948259799721, 0.022, 1.0]"
1698859369.6841455,"layout: 
  dim: []
  data_offset: 0
data: [0.22320690922223196, -0.004063948259799721, 0.022, 1.0]"
1698859369.723285,"layout: 
  dim: []
  data_offset: 0
data: [0.22320690922223196, -0.004063948259799721, 0.022, 1.0]"
1698859369.7718103,"layout: 
  dim: []
  data_offset: 0
data: [0.22320690922223196, -0.004063948259799721, 0.022, 1.0]"
1698859369.8220763,"layout: 
  dim: []
  data_offset: 0
data: [0.22320690922223196, -0.004063948259799721, 0.022, 1.0]"
1698859369.8651302,"layout: 
  dim: []
  data_offset: 0
data: [0.22320690922223196, -0.004063948259799721, 0.022, 1.0]"
1698859369.9196339,"layout: 
  dim: []
  data_offset: 0
data: [0.22320690922223196, -0.004063948259799721, 0.022, 1.0]"
1698859369.962795,"layout: 
  dim: []
  data_offset: 0
data: [0.22320690922223196, -0.004063948259799721, 0.022, 1.0]"
1698859370.0015264,"layout: 
  dim: []
  data_offset: 0
data: [0.22320690922223196, -0.004063948259799721, 0.022, 1.0]"
1698859370.05979,"layout: 
  dim: []
  data_offset: 0
data: [0.22320690922223196, -0.004063948259799721, 0.022, 1.0]"
1698859370.1030457,"layout: 
  dim: []
  data_offset: 0
data: [0.22320690922223196, -0.004063948259799721, 0.022, 1.0]"
1698859370.158713,"layout: 
  dim: []
  data_offset: 0
data: [0.22320690922223196, -0.004063948259799721, 0.022, 1.0]"
1698859370.1990187,"layout: 
  dim: []
  data_offset: 0
data: [0.22320690922223196, -0.004063948259799721, 0.022, 1.0]"
1698859370.2412045,"layout: 
  dim: []
  data_offset: 0
data: [0.22320690922223196, -0.004063948259799721, 0.022, 1.0]"
1698859370.2825885,"layout: 
  dim: []
  data_offset: 0
data: [0.22320690922223196, -0.004063948259799721, 0.022, 1.0]"
1698859370.3326542,"layout: 
  dim: []
  data_offset: 0
data: [0.22320690922223196, -0.004063948259799721, 0.022, 1.0]"
1698859370.3825974,"layout: 
  dim: []
  data_offset: 0
data: [0.22320690922223196, -0.004063948259799721, 0.022, 1.0]"
1698859370.4409342,"layout: 
  dim: []
  data_offset: 0
data: [0.22320690922223196, -0.004063948259799721, 0.022, 1.0]"
1698859370.4711573,"layout: 
  dim: []
  data_offset: 0
data: [0.22320690922223196, -0.004063948259799721, 0.022, 1.0]"
